Index,subjectID,Session,Version,Section,Subtrial,Event,Reward,Punishment,Duration(ms)
1,s123,1,1,Practice,,After Calibration Before Door Practice Game,,,3609.475612640381
2,s123,1,1,Practice,0,Playing Door Game (Before lock).,,,8305.706977844238
3,s123,1,1,Practice,0,After lock: Door Anticipation Time.,,,3671.14520072937
4,s123,1,1,Practice,0,Reward screen displayed.,,,2194.4549083709717
5,s123,1,1,Practice,0,ITI screen displayed.,,,689.8999214172363
1,s123,1,1,TaskRun1,,After Calibration Before Door Practice Game,,,515.648365020752
2,s123,1,1,TaskRun1,0,Playing Door Game (Before lock).,2,6,5640.877485275269
3,s123,1,1,TaskRun1,0,After lock: Door Anticipation Time.,2,6,3613.3382320404053
4,s123,1,1,TaskRun1,0,Reward screen (Door Opened) displayed.,2,6,64.8353099822998
5,s123,1,1,TaskRun1,0,ITI screen displayed.,,,4624.627113342285
6,s123,1,1,TaskRun1,1,Playing Door Game (Before lock).,4,5,6076.768636703491
7,s123,1,1,TaskRun1,1,After lock: Door Anticipation Time.,4,5,3688.129663467407
8,s123,1,1,TaskRun1,1,Reward screen (Door Opened) displayed.,4,5,73.80270957946777
9,s123,1,1,TaskRun1,1,ITI screen displayed.,,,9927.42896080017
1,s123,1,1,TaskRun2,,After Calibration Before Door Practice Game,,,509.6397399902344
2,s123,1,1,TaskRun2,0,Playing Door Game (Before lock).,1,3,7013.259410858154
3,s123,1,1,TaskRun2,0,After lock: Door Anticipation Time.,1,3,2251.946210861206
4,s123,1,1,TaskRun2,0,Reward screen (Door Opened) displayed.,1,3,72.80516624450684
5,s123,1,1,TaskRun2,0,ITI screen displayed.,,,20865.166425704956
1,s123,1,1,TaskRun3,,After Calibration Before Door Practice Game,,,522.6292610168457
2,s123,1,1,TaskRun3,0,Playing Door Game (Before lock).,1,1,2596.0164070129395
3,s123,1,1,TaskRun3,0,After lock: Door Anticipation Time.,1,1,2255.993604660034
4,s123,1,1,TaskRun3,0,Reward screen (Door Opened) displayed.,1,1,69.81253623962402
5,s123,1,1,TaskRun3,0,ITI screen displayed.,,,21266.125202178955
6,s123,1,1,TaskRun3,1,Playing Door Game (Before lock).,1,4,1558.8288307189941
7,s123,1,1,TaskRun3,1,After lock: Door Anticipation Time.,1,4,2158.1969261169434
8,s123,1,1,TaskRun3,1,Reward screen (Door Opened) displayed.,1,4,93.75429153442383
9,s123,1,1,TaskRun3,1,ITI screen displayed.,,,23269.840955734253
