,Absolute Time,Block,Trial,Color,Trial Time,Phase,Phase Time,Rating
0,17.3816801,1,1,1,0.116541800089,square,0.116541500087,26
1,17.4649176999,1,1,1,0.199779300019,square,0.199779600021,27
2,17.5489766999,1,1,1,0.283838400035,square,0.283838200034,28
3,17.6489437,1,1,1,0.383805500111,square,0.383805199992,28
4,17.7328875,1,1,1,0.467749300064,square,0.467749100062,28
5,17.8316678,1,1,1,0.566529600066,square,0.566529400065,27
6,17.9150921999,1,1,1,0.649954300025,square,0.649954000022,27
7,17.9994154,1,1,1,0.73427720007,square,0.734277100069,26
8,18.0982917,1,1,1,0.833153400104,square,0.833153200103,25
9,18.1823165,1,1,1,0.917178300093,square,0.917178200092,25
10,18.2822736,1,1,1,1.01713530009,square,1.01713500009,24
11,18.365615,1,1,1,1.10047670011,square,1.1004765,24
12,18.4651299,1,1,1,1.19999150001,square,1.1999913,23
13,18.5483354999,1,1,1,1.28319770005,square,1.28319800005,23
14,18.631727,1,1,1,1.3665888001,square,1.3665886001,22
15,18.7161979,1,1,1,1.45105970011,square,1.45105960011,22
16,18.8151136,1,1,1,1.54997520009,square,1.54997500009,23
17,18.8983047999,1,1,1,1.63316660002,square,1.63316680002,23
18,18.9817939,1,1,1,1.7166557,square,1.7166554,24
19,19.0650135999,1,1,1,1.79987550003,square,1.79987520003,24
20,19.1484311,1,1,1,1.88329280005,square,1.88329260005,25
21,19.2325438,1,1,1,1.96740540001,square,1.9674052,25
22,19.3156797,1,1,1,2.05054140009,square,2.05054120009,26
23,19.3989546,1,1,1,2.13381650008,square,2.13381640008,26
24,19.4983875999,1,1,1,2.23324930004,square,2.23324900004,27
25,19.5824614,1,1,1,2.31732320006,square,2.31732300005,27
26,19.6658706999,1,1,1,2.40073230001,square,2.40073220001,27
27,19.7490874999,1,1,1,2.48394920002,square,2.48394900002,28
28,19.8484575,1,1,1,2.58331920009,square,2.58331900008,28
29,19.9317163,1,1,1,2.66657800006,square,2.66657780006,28
30,20.0156681,1,1,1,2.75053000008,square,2.75052970008,28
31,20.1152824999,1,1,1,2.8501694001,square,2.8501694001,29
32,20.2151078,1,1,1,2.94996940007,square,2.94996910007,29
33,20.2984016,1,1,1,3.03326320008,square,3.03326340008,30
34,20.3818102999,1,1,1,3.1166963001,square,3.1166962001,30
35,20.4658275,1,1,1,3.20068930008,square,3.20068910008,31
36,20.549362,1,1,1,3.28422370006,square,3.28422350006,31
37,20.6484357,1,1,1,3.38329760008,square,3.38329740008,32
38,20.7324091999,1,1,1,3.46727090003,square,3.46727060003,32
39,20.8151985999,1,1,1,3.55006030004,square,3.55006000004,33
40,20.8993258,1,1,1,3.63418740011,square,3.63418720011,33
41,20.9991029999,1,1,1,3.73396460002,square,3.73396440002,34
42,21.0824685,1,1,1,3.81733020011,square,3.81732990011,34
43,21.1817777,1,1,1,3.91663940006,square,3.91663910006,35
44,21.2652578,1,1,1,4.00011930009,square,4.00011900009,35
45,21.3491027,1,1,1,4.08396430011,square,4.08396409999,35
46,21.4317952,1,1,1,4.16665700008,square,4.16665670008,34
47,21.5161343999,1,1,1,4.25099680002,square,4.25099670002,34
48,21.6150634,1,1,1,4.3499251001,square,4.3499249001,33
49,21.6985574,1,1,1,4.43341900001,square,4.43341870001,33
50,21.7824640999,1,1,1,4.51732750004,square,4.51732740004,32
51,21.8659562999,1,1,1,4.60081830004,square,4.60081820004,32
52,21.9491524,1,1,1,4.68401410012,square,4.6840141,31
53,22.0491658,1,1,1,4.78402830008,square,4.78402820008,31
54,22.1485498999,1,1,1,4.88341160002,square,4.88341130002,30
55,22.2325283,1,1,1,4.9673899,square,4.96739020001,30
56,22.3319322,1,1,1,5.0667939001,square,5.0667937001,29
57,22.4153213999,1,1,1,5.15018320002,square,5.15018290002,29
58,22.4990910999,1,1,1,5.23395280004,square,5.23395250004,28
59,22.59924,1,1,1,5.33410180011,square,5.33410160011,28
60,22.6826146999,1,1,1,5.41747630003,square,5.41747610003,27
61,22.7831117,1,1,1,5.51797350007,square,5.51797330007,26
62,22.8817996,1,1,1,5.61666110007,square,5.61666120007,26
63,22.9652828,1,1,1,5.70014450001,square,5.7001443,25
64,23.0492587,1,1,1,5.78412010008,square,5.78412020009,25
65,23.1485444,1,1,1,5.8834061001,square,5.8834060001,24
66,23.2318998,1,1,1,5.96676140011,square,5.96676110011,24
67,23.3152434999,1,1,1,6.05010510003,square,6.05010480003,24
68,23.3986633,1,1,1,6.13352470007,square,6.13352430006,24
69,23.4819886,1,1,1,6.21685030009,square,6.21685000008,23
70,23.5652834,1,1,1,6.3001451001,square,6.3001449001,23
71,23.6486103999,1,1,1,6.38347210002,square,6.38347190002,22
72,23.7320009,1,1,1,6.46686260006,square,6.46686240006,22
73,23.8153441,1,1,1,6.5502058001,square,6.5502056001,21
74,23.8986108999,1,1,1,6.63347260002,square,6.63347260002,21
75,23.9827320999,1,1,1,6.71759380004,square,6.71759350004,20
76,24.0819188,1,1,1,6.81678210001,square,6.81678180001,20
77,24.1660423999,1,1,1,6.90090420004,square,6.90090390004,19
78,24.2492936,1,1,1,6.98415520007,square,6.98415480007,18
79,24.3493015,1,1,1,7.08416310011,square,7.0841634,18
80,24.4319771,1,1,1,7.16683870007,square,7.16683840007,17
81,24.5159458,1,1,1,7.2508076001,square,7.25080730009,17
82,24.6160031999,1,1,1,7.35086480004,square,7.35086450004,16
83,24.7153894,1,1,1,7.450251,square,7.4502507,16
84,24.7987377,1,1,1,7.53359930008,square,7.53359910008,15
85,24.8827266999,1,1,1,7.61758840003,square,7.61758810002,15
86,24.9660086,1,1,1,7.70087020006,square,7.70086990006,14
87,25.0493504,1,1,1,7.78423310001,square,7.78423290001,14
88,25.1492573,1,1,1,7.88411900005,square,7.88411880005,13
89,25.2487604,1,1,1,7.98362210009,square,7.98362190009,12
90,25.3323138,1,1,1,8.0671756001,square,8.06717550009,12
91,25.4154307999,1,1,1,8.15029240004,square,8.15029210004,11
92,25.4993038999,1,1,1,8.23416560004,square,8.23416540003,11
93,25.5821747,1,1,1,8.31703660008,square,8.31703640008,10
94,25.6821133,1,1,1,8.41697490006,square,8.41697470006,10
95,25.765443,1,1,1,8.50030460011,square,8.5003042001,9
96,25.8495640999,1,1,1,8.58442570001,square,8.58442620002,9
97,25.9487577999,1,1,1,8.68361950002,square,8.68361920002,8
98,26.0321179,1,1,1,8.76697960007,square,8.76697940007,8
99,26.1179369,1,1,1,8.85280480003,square,8.85280880006,7
100,26.2156343,1,1,1,8.9504959,square,8.9504956,6
101,26.2988464,1,1,1,9.03370820009,square,9.03370800009,6
102,26.382077,1,1,1,9.11696220003,square,9.11696200003,6
103,26.4661992,1,1,1,9.2010612,square,9.2010609,5
104,26.5661819,1,1,1,9.30106490001,square,9.3010647,4
105,26.6660769,1,1,1,9.40093870007,square,9.40093860007,4
106,26.7655606,1,1,1,9.50042220007,square,9.50042210007,4
107,26.8493680999,1,1,1,9.58422990004,square,9.58422960003,3
108,26.9321317,1,1,1,9.66699340008,square,9.66699310008,3
109,27.0160355,1,1,1,9.75089750008,square,9.75089720008,3
110,27.0995935,1,1,1,9.83445520001,square,9.8344549,4
111,27.1821,1,1,1,9.91696170007,square,9.91696140007,4
112,27.2661085,1,1,1,10.0009702001,square,10.0009698001,4
113,27.3494466,1,1,1,10.0843083001,square,10.0843081,5
114,27.4488393,1,1,1,10.1837010001,square,10.1837007001,5
115,27.5322190999,1,1,1,10.2670808,square,10.2670811,6
116,27.6153792,1,1,1,10.3502408001,square,10.3502405001,6
117,27.6994098,1,1,1,10.4342715001,square,10.4342712001,7
118,27.7995834,1,1,1,10.5344451001,square,10.5344449,7
119,27.8994377999,1,1,1,10.6342996,square,10.6342993,8
120,27.9822316,1,1,1,10.7170932001,square,10.7170931001,8
121,28.0655203999,1,1,1,10.800382,square,10.8003817,9
122,28.149461,1,1,1,10.8843227001,square,10.8843225001,9
123,28.2321879,1,1,1,10.9670495001,square,10.9670493001,10
124,28.3155033999,1,1,1,11.0503652,square,11.0503649,10
125,28.3989067,1,1,1,11.1337682001,square,11.1337685001,10
126,28.4822223,1,1,1,11.2170839,square,11.2170836,11
127,28.5664228,1,1,1,11.3012847001,square,11.3012846,11
128,28.6665709,1,1,1,11.4014327001,square,11.4014324001,12
129,28.7662986,1,1,1,11.5011602001,square,11.5011602001,12
130,28.8495721,1,1,1,11.5844338001,square,11.5844336001,13
131,28.9330362,1,1,1,11.6678978001,square,11.6678982001,13
132,29.0162252999,1,1,1,11.751087,square,11.7510868,14
133,29.0998001,1,1,1,11.8346619001,square,11.8346617001,14
134,29.1829422,1,1,1,11.9178038001,square,11.9178037001,14
135,29.2828791999,1,1,1,12.0177409,square,12.0177407,15
136,29.3663727,1,1,1,12.1012345001,square,12.1012344001,15
137,29.4497892,1,1,1,12.1846510001,square,12.1846509001,15
138,29.5329619,1,1,1,12.2678236001,square,12.2678233001,16
139,29.6164609999,1,1,1,12.3513227,square,12.351323,16
140,29.7162925,1,1,1,12.4511543,square,12.4511543,17
141,29.7997524,1,1,1,12.5346141,square,12.5346139,17
142,29.8831814,1,1,1,12.6180433001,square,12.6180433,18
143,29.9662329999,1,1,1,12.7010949,square,12.7010948,18
144,30.0496409,1,1,1,12.7845025001,square,12.7845029001,18
145,30.1329782,1,1,1,12.8678400001,square,12.8678397001,19
146,30.2163858999,1,1,1,12.9512478,square,12.9512478,19
147,30.3163367,1,1,1,13.0511984001,square,13.0511983001,20
148,30.4162355,1,1,1,13.1510973001,square,13.151097,20
149,30.5175596999,1,1,1,13.2524214,square,13.2524217,20
150,30.6163345,1,1,1,13.3511962,square,13.3511959,19
151,30.6995844999,1,1,1,13.4344462,square,13.4344459,19
152,30.7829324,1,1,1,13.5177940001,square,13.5177938001,18
153,30.8662475999,1,1,1,13.6011092,square,13.6011091,18
154,30.9496914999,1,1,1,13.6845531,square,13.6845529,17
155,31.0329524999,1,1,1,13.7678142,square,13.767814,17
156,31.1162491,1,1,1,13.8511107001,square,13.8511106001,16
157,31.1996163999,1,1,1,13.934478,square,13.9344778,16
158,31.2997164,1,1,1,14.0345997,square,14.0345996,15
159,31.3996384999,1,1,1,14.1345002,square,14.1345001,15
160,31.4829755999,1,1,1,14.2178371,square,14.2178369,14
161,31.5657402,1,1,1,14.3006018001,square,14.3006017001,14
162,31.649701,1,1,1,14.3845627001,square,14.3845626001,13
163,31.7331110999,1,1,1,14.4679727,square,14.4679723,13
164,31.8330121,1,1,1,14.5678738001,square,14.5678734001,12
165,31.9164069999,1,1,1,14.6512687,square,14.6512693,12
166,31.9996353,1,1,1,14.7344969001,square,14.7344967,12
167,32.0996877999,1,1,1,14.8345494,square,14.8345493,12
168,32.1832041,1,1,1,14.9180659001,square,14.9180659001,12
169,32.2664603,1,1,1,15.0013222001,square,15.0013222001,12
170,32.3496871999,1,1,1,15.0845493,square,15.0845491,12
171,32.4330735999,1,1,1,15.1679353,square,15.1679354,12
172,32.5164786,1,1,1,15.2513403001,square,15.2513403001,12
173,32.5998009,1,1,1,15.3346628001,square,15.3346628001,12
174,32.6830632,1,1,1,15.4179253001,square,15.4179251001,12
175,32.7663396,1,1,1,15.5012013001,square,15.5012012001,12
176,32.8669765,1,1,1,15.6018383,square,15.6018382,12
177,32.9668291999,1,1,1,15.7016909,square,15.7016907,12
178,33.0666004,1,1,1,15.8014622,square,15.8014622,12
179,33.1499131999,1,1,1,15.8847748,square,15.8847747,12
180,33.1666605,1,1,1,15.9015225001,full,0.0167129000183,12
181,33.1831704,1,1,1,15.9180326001,full,0.0332228000043,12
182,33.1999072999,1,1,1,15.9347699001,full,0.0499602999771,12
183,33.2166844,1,1,1,15.9515465001,full,0.066736800014,12
184,33.2330649999,1,1,1,15.9679269,full,0.083117299946,12
185,33.2500292,1,1,1,15.9848910001,full,0.100081400014,12
186,33.2664869999,1,1,1,16.0013491,full,0.116539299954,12
187,33.283195,1,1,1,16.0180567,full,0.133246899932,12
188,33.2997098999,1,1,1,16.0345715,full,0.149761699955,12
189,33.316504,1,1,1,16.0513668001,full,0.166557100019,12
190,33.3330997999,1,1,1,16.0679615,full,0.183151599951,12
191,33.349862,1,1,1,16.0847238001,full,0.199913899996,12
192,33.3663902,1,1,1,16.1012518001,full,0.216442100005,12
193,33.3832757999,1,1,1,16.1181374,full,0.23332749994,12
194,33.399431,1,1,1,16.1342927001,full,0.249482900021,12
195,33.4160024,1,1,1,16.1508641001,full,0.26605440001,12
196,33.4335228,1,1,1,16.1683859001,full,0.283576400019,12
197,33.447467,1,1,1,16.1823289001,full,0.297519200016,12
198,33.4668027,1,1,1,16.2016856001,full,0.316876000026,12
199,33.4831347,1,1,1,16.2179969001,full,0.333187200013,12
200,33.499881,1,1,1,16.2347433,full,0.349933699938,12
201,33.5164535,1,1,1,16.2513156,full,0.366505899932,12
202,33.5334548,1,1,1,16.268332,full,0.383522299933,12
203,33.5499781,1,1,1,16.2848402001,full,0.400030500023,12
204,33.5665978,1,1,1,16.3014598001,full,0.416650100029,12
205,33.5831159999,1,1,1,16.3179781,full,0.433168599964,12
206,33.5997232,1,1,1,16.3345850001,full,0.44977549999,12
207,33.6164605999,1,1,1,16.3513225,full,0.466512699961,12
208,33.6330581,1,1,1,16.3679201001,full,0.483111099922,12
209,33.6497912999,1,1,1,16.3846533,full,0.499843699974,12
210,33.6663916999,1,1,1,16.4012542,full,0.516444399953,12
211,33.6830131999,1,1,1,16.4178749,full,0.533065299969,12
212,33.6997158,1,1,1,16.4345775001,full,0.549767600023,12
213,33.7159435999,1,1,1,16.4508059,full,0.565996499965,12
214,33.7332893,1,1,1,16.4681511001,full,0.583341400023,12
215,33.7473886,1,1,1,16.4822503,full,0.597440499929,12
216,33.7664871999,1,1,1,16.501349,full,0.616539299954,12
217,33.7832587999,1,1,1,16.5181206,full,0.633310799953,12
218,33.7999018,1,1,1,16.5347638001,full,0.649954200024,12
219,33.8164774,1,1,1,16.5513392001,full,0.666529399925,12
220,33.8332272,1,1,1,16.5680890001,full,0.683279299992,12
221,33.8492178,1,1,1,16.5840795001,full,0.699269699981,12
222,33.8657514,1,1,1,16.6006132001,full,0.715803300031,12
223,33.8824626,1,1,1,16.6173243001,full,0.732514299918,12
224,33.8997388,1,1,1,16.6346005001,full,0.74979069992,12
225,33.915745,1,1,1,16.6506066001,full,0.765796700027,12
226,33.9324657,1,1,1,16.6673275001,full,0.78251769999,12
227,33.9551256,1,1,1,16.6899873001,full,0.80517800001,12
228,33.9663954,1,1,1,16.7012571001,full,0.816447200021,12
229,33.9825668,1,1,1,16.7174284001,full,0.83261849999,12
230,33.9991122,1,1,1,16.7339739001,full,0.849164000014,12
231,34.0163907,1,1,1,16.7512522001,full,0.86644230003,12
232,34.0325178,1,1,1,16.7673795001,full,0.882569700014,12
233,34.0491286999,1,1,1,16.7839903,full,0.899180399952,12
234,34.0659785999,1,1,1,16.8008402,full,0.916030299966,12
235,34.0830692999,1,1,1,16.8179314,full,0.933121399954,12
236,34.0997509999,1,1,1,16.8346126,full,0.949802699964,12
237,34.1157953,1,1,1,16.8506571001,full,0.965847500018,12
238,34.1325898999,1,1,1,16.8674516,full,0.982641599956,12
239,34.1498288,1,1,1,16.8846904001,full,0.999880500021,12
240,34.1659281,1,1,1,16.9007898001,full,1.01597990002,12
241,34.1831195999,1,1,1,16.9179812,full,1.03317139996,12
242,34.1998716,1,1,1,16.9347333,full,1.04992349993,12
243,34.2158809999,1,1,1,16.9507426,full,1.06593309995,12
244,34.2324258999,1,1,1,16.9672875,full,1.08247769997,12
245,34.249174,1,1,1,16.9840356001,full,1.09922570002,12
246,34.2667798999,1,1,1,17.0016417,full,1.11683199997,12
247,34.2837288,1,1,1,17.0185905001,full,1.13378089992,12
248,34.2997654,1,1,1,17.0346272001,full,1.14981730003,12
249,34.3165915,1,1,1,17.0514532001,full,1.16664329998,12
250,34.3331937999,1,1,1,17.0680554,full,1.18324559997,12
251,34.3497971999,1,1,1,17.0846589,full,1.19984909997,12
252,34.3657889999,1,1,1,17.1006506,full,1.21584069997,12
253,34.3824307,1,1,1,17.1172922001,full,1.23248230002,12
254,34.3999185,1,1,1,17.1347806001,full,1.24997100001,12
255,34.4164131,1,1,1,17.1512748001,full,1.26646509999,12
256,34.4330951,1,1,1,17.1679568001,full,1.28314690001,12
257,34.4492388,1,1,1,17.1841005001,full,1.2992906,12
258,34.4658947,1,1,1,17.2007561,full,1.31594669994,12
259,34.4831404,1,1,1,17.2180021,full,1.33319229994,12
260,34.4997259,1,1,1,17.2345876001,full,1.34977819992,12
261,34.5159717,1,1,1,17.2508334001,full,1.36602359999,12
262,34.5333591,1,1,1,17.2682205001,full,1.38341060001,12
263,34.5497269999,1,1,1,17.2845887,full,1.39977889997,12
264,34.5664979999,1,1,1,17.3013597,full,1.41654989996,12
265,34.5834025,1,1,1,17.3182643,full,1.43347589998,12
266,34.6000710999,1,1,1,17.3349526001,full,1.4501431,12
267,34.6164848,1,1,1,17.3513467001,full,1.46653720003,12
268,34.6333474,1,1,1,17.3682093001,full,1.48339960002,12
269,34.6500321999,1,1,1,17.3848939,full,1.50008429994,12
270,34.6666112,1,1,1,17.4014730001,full,1.51666329999,12
271,34.6831517,1,1,1,17.4180134,full,1.53320369998,12
272,34.6999018,1,1,1,17.4347637,full,1.54995399993,12
273,34.7165309,1,1,1,17.4513929001,full,1.56658340001,12
274,34.7331832,1,1,1,17.4680451001,full,1.58323530003,12
275,34.7499310999,1,1,1,17.4847932,full,1.59998409997,12
276,34.7664528,1,1,1,17.5013147001,full,1.61650499993,12
277,34.783097,1,1,1,17.5179587001,full,1.6331488,12
278,34.7991287999,1,1,1,17.5339905,full,1.64918049995,12
279,34.817586,1,1,1,17.5524480001,full,1.66763839999,12
280,34.8332313,1,1,1,17.5680933001,full,1.68328360002,12
281,34.8497773,1,1,1,17.5846391,full,1.69982939993,12
282,34.8665307,1,1,1,17.6013924001,full,1.71658250003,12
283,34.8831953,1,1,1,17.6180572001,full,1.73324770003,12
284,34.8998786999,1,1,1,17.6347407,full,1.74993129994,12
285,34.9164458,1,1,1,17.6513078001,full,1.76649870002,12
286,34.933299,1,1,1,17.6681607,full,1.78335069993,12
287,34.9498261,1,1,1,17.684688,full,1.79987819993,12
288,34.9664454,1,1,1,17.7013073,full,1.81649759994,12
289,34.9825231,1,1,1,17.7173848001,full,1.83257540001,12
290,34.9998116,1,1,1,17.7346732001,full,1.84986319998,12
291,35.0158124999,1,1,1,17.7506743,full,1.86586439994,12
292,35.0331363999,1,1,1,17.7679982,full,1.88318839995,12
293,35.0498525,1,1,1,17.7847142001,full,1.89990429999,12
294,35.0664855,1,1,1,17.8013473001,full,1.91653749999,12
295,35.0831986,1,1,1,17.8180605001,full,1.93325080001,12
296,35.0999131,1,1,1,17.8347748001,full,1.94996509992,12
297,35.1164375,1,1,1,17.8512991001,full,1.96648930002,12
298,35.1331455,1,1,1,17.8680085001,full,1.98319940001,12
299,35.1498236,1,1,1,17.8846853001,full,1.99987539998,12
300,35.1664551999,1,1,1,17.901317,full,2.01650719997,12
301,35.1830931,1,1,1,17.9179548001,full,2.03314489999,12
302,35.1992324999,1,1,1,17.9340942,full,2.04928429995,12
303,35.2158552,1,1,1,17.9507168001,full,2.06590719998,12
304,35.2325179999,1,1,1,17.9673796,full,2.08256969997,12
305,35.2498214999,1,1,1,17.9846832,full,2.09987319994,12
306,35.2664999,1,1,1,18.0013618,full,2.11655189993,12
307,35.2831477,1,1,1,18.0180093001,full,2.13319939992,12
308,35.3000071,1,1,1,18.0348887,full,2.15007899993,12
309,35.3165236,1,1,1,18.0513853,full,2.16657529993,12
310,35.3325446,1,1,1,18.0674062001,full,2.18259640003,12
311,35.3497800999,1,1,1,18.0846642001,full,2.19985440001,12
312,35.3666718999,1,1,1,18.1015337,full,2.21672429994,12
313,35.3826023,1,1,1,18.1174641,full,2.23265409993,12
314,35.3992406999,1,1,1,18.1341023,full,2.24929239997,12
315,35.4165621999,1,1,1,18.1514238,full,2.26661399996,12
316,35.4331170999,1,1,1,18.1679788,full,2.28316889994,12
317,35.4497690999,1,1,1,18.1846308,full,2.29982089996,12
318,35.4664544,1,1,1,18.2013160001,full,2.3165061,12
319,35.4832981999,1,1,1,18.2181601,full,2.33335039997,12
320,35.4998369999,1,1,1,18.2346986,full,2.34988869994,12
321,35.5164988,1,1,1,18.2513604001,full,2.36655049992,12
322,35.5332316,1,1,1,18.2680932001,full,2.38328329998,12
323,35.5498637999,1,1,1,18.2847254,full,2.39991559996,12
324,35.5665008,1,1,1,18.3013624001,full,2.41655249998,12
325,35.5807987,1,1,1,18.3156604001,full,2.43085060001,12
326,35.5996870999,1,1,1,18.3345489,full,2.44973899995,12
327,35.6170465,1,1,1,18.3519081001,full,2.4670983,12
328,35.6331464,1,1,1,18.3680080001,full,2.483198,12
329,35.6497877999,1,1,1,18.3846497,full,2.49983999995,12
330,35.6665000999,1,1,1,18.4013617,full,2.51655169996,12
331,35.6825741,1,1,1,18.4174359001,full,2.532626,12
332,35.6993472,1,1,1,18.4342089001,full,2.54939910001,12
333,35.7165655,1,1,1,18.4514272001,full,2.56661729992,12
334,35.7324265999,1,1,1,18.4672882,full,2.58247839997,12
335,35.7498439,1,1,1,18.4847055001,full,2.5998956,12
336,35.7665128,1,1,1,18.5013958,full,2.61658609996,12
337,35.783188,1,1,1,18.5180497001,full,2.63323979999,12
338,35.7992307,1,1,1,18.5340923001,full,2.64928240003,12
339,35.8157892,1,1,1,18.5506509001,full,2.66584129992,12
340,35.83315,1,1,1,18.5680115001,full,2.68320149998,12
341,35.8492611999,1,1,1,18.584123,full,2.69931319996,12
342,35.8665821999,1,1,1,18.6014439,full,2.71663399995,12
343,35.882582,1,1,1,18.6174436001,full,2.73263370001,12
344,35.8998831999,1,1,1,18.6347449,full,2.74993489997,12
345,35.9149439,1,1,1,18.6498122001,full,2.76500599994,12
346,35.9326701,1,1,1,18.6675318001,full,2.78272190003,12
347,35.9493137,1,1,1,18.6841751001,full,2.79936529999,12
348,35.9659015,1,1,1,18.7007632001,full,2.81595379999,12
349,35.9825863,1,1,1,18.7174479001,full,2.83263810002,12
350,35.9992063,1,1,1,18.7340680001,full,2.84925820003,12
351,36.0159922,1,1,1,18.7508539001,full,2.86604450003,12
352,36.0331865,1,1,1,18.7680482001,full,2.88323839998,12
353,36.0483557,1,1,1,18.7832237,full,2.89841769997,12
354,36.0666631999,1,1,1,18.801525,full,2.91671529994,12
355,36.0835647,1,1,1,18.8184270001,full,2.93361770001,12
356,36.097637,1,1,1,18.8324989,full,2.94768919994,12
357,36.1167692,1,1,1,18.8516310001,full,2.96682139998,12
358,36.1332168999,1,1,1,18.8680787,full,2.98326879996,12
359,36.1501870999,1,1,1,18.8850489,full,3.00023919996,12
360,36.1666054999,1,1,1,18.9014671,full,3.01665739994,12
361,36.1826631,1,1,1,18.9175249001,full,3.03271509998,12
362,36.1992891,1,1,1,18.9341508001,full,3.04934080003,12
363,36.2159305,1,1,1,18.9507922,full,3.06598229997,12
364,36.2331527,1,1,1,18.9680143001,full,3.08320440003,12
365,36.2492325,1,1,1,18.9840942001,full,3.0992843,12
366,36.2659334,1,1,1,19.0007951,full,3.11598519993,12
367,36.2826129,1,1,1,19.0174744001,full,3.13266449992,12
368,36.3001431,1,1,1,19.0350046001,full,3.15019459999,12
369,36.3159461999,1,1,1,19.0508078,full,3.16599779995,12
370,36.3326157,1,1,1,19.0674774001,full,3.18266739999,12
371,36.3493759,1,1,1,19.0842375001,full,3.19942760002,12
372,36.3660899,1,1,1,19.1009515,full,3.21614229993,12
373,36.3827588999,1,1,1,19.1176207,full,3.23281209997,12
374,36.3992990999,1,1,1,19.1341607,full,3.24935079995,12
375,36.4165167999,1,1,1,19.1513785,full,3.26656859997,12
376,36.4327694,1,1,1,19.1676311,full,3.28282119997,12
377,36.4492401,1,1,1,19.1841019001,full,3.29929220001,12
378,36.4665947,1,1,1,19.2014564001,full,3.31664660003,12
379,36.4825987,1,1,1,19.2174603001,full,3.3326505,12
380,36.4992152,1,1,1,19.2340768001,full,3.34926689998,12
381,36.5161360999,1,1,1,19.2509977,full,3.36618779995,12
382,36.5332885999,1,1,1,19.2681715001,full,3.38336169999,12
383,36.5499372999,1,1,1,19.2847989,full,3.39998929994,12
384,36.5666104,1,1,1,19.3014720001,full,3.41666250001,12
385,36.5826194,1,1,1,19.3174811001,full,3.43267120002,12
386,36.5992795,1,1,1,19.3341411001,full,3.44933139998,12
387,36.6160042,1,1,1,19.3508657,full,3.46605589997,12
388,36.6325781,1,1,1,19.3674398001,full,3.48262979998,12
389,36.6493349,1,1,1,19.3842255,full,3.49941609998,12
390,36.6666966999,1,1,1,19.4015728,full,3.51676359994,12
391,36.6832667,1,1,1,19.4181285001,full,3.53331859992,12
392,36.7004594,1,1,1,19.4353214001,full,3.55051169998,12
393,36.7167019,1,1,1,19.4515637001,full,3.56675400003,12
394,36.7336803999,1,1,1,19.4685422,full,3.58373249997,12
395,36.7499556,1,1,1,19.4848174001,full,3.60000750003,12
396,36.7667082,1,1,1,19.5015699001,full,3.61676,12
397,36.7832368,1,1,1,19.5180985001,full,3.63328870002,12
398,36.7992153,1,1,1,19.5340769001,full,3.64926710003,12
399,36.8159041,1,1,1,19.5507658001,full,3.66595589998,12
400,36.8325985,1,1,1,19.5674602001,full,3.68265039998,12
401,36.8498778,1,1,1,19.5847396001,full,3.6999298,12
402,36.8665731,1,1,1,19.6014348001,full,3.7166249,12
403,36.8826493999,1,1,1,19.6175111,full,3.73270129994,12
404,36.9000119,1,1,1,19.6348736001,full,3.75006380002,12
405,36.9159863,1,1,1,19.6508479001,full,3.7660382,12
406,36.9331968999,1,1,1,19.6680587,full,3.78324889997,12
407,36.9498691,1,1,1,19.6847307001,full,3.79992080003,12
408,36.9659269999,1,1,1,19.7007888,full,3.81597919995,12
409,36.9833092999,1,1,1,19.718171,full,3.83336129994,12
410,36.9992562999,1,1,1,19.7341179,full,3.84930809995,12
411,37.0166758,1,1,1,19.7515384001,full,3.8667288,12
412,37.0326439,1,1,1,19.7675055,full,3.88269559992,12
413,37.0499228999,1,1,1,19.7847847,full,3.89997529995,12
414,37.0665944,1,1,1,19.8014561001,full,3.9166462,12
415,37.0826342,1,1,1,19.8174958001,full,3.93268590001,12
416,37.0999749,1,1,1,19.8348366001,full,3.95002679992,12
417,37.116564,1,1,1,19.8514255,full,3.96661609993,12
418,37.1325906999,1,1,1,19.8674524,full,3.98264239996,12
419,37.1493695,1,1,1,19.8842311001,full,3.99942120002,12
420,37.165882,1,1,1,19.9007437001,full,4.01593380002,12
421,37.1825901,1,1,1,19.9174518001,full,4.0326418,12
422,37.1993117,1,1,1,19.9341734,full,4.04936359997,12
423,37.2165912,1,1,1,19.9514529001,full,4.066643,12
424,37.2332701,1,1,1,19.9681319001,full,4.08332209999,12
425,37.2495652999,1,1,1,19.9844272,full,4.09961739997,12
426,37.2660231,1,1,1,20.0008848001,full,4.11607490003,12
427,37.2826364,1,1,1,20.0174980001,full,4.13268809998,12
428,37.299437,1,1,1,20.0342988,full,4.14948909997,12
429,37.3165565999,1,1,1,20.0514182,full,4.16660829994,12
430,37.3332729,1,1,1,20.0682139001,full,4.18340819993,12
431,37.3493288,1,1,1,20.0841904001,full,4.19938050001,12
432,37.3659495,1,1,1,20.1008112001,full,4.21600130002,12
433,37.3827159,1,1,1,20.1175773001,full,4.23276739998,12
434,37.3992958,1,1,1,20.1341575001,full,4.24934749992,12
435,37.4161078,1,1,1,20.1509694001,full,4.2661596,12
436,37.4333854,1,1,1,20.1682472001,full,4.28343750001,12
437,37.4494347,1,1,1,20.1842964001,full,4.29948649998,12
438,37.4665883,1,1,1,20.2014712001,full,4.31666130002,12
439,37.4828299,1,1,1,20.2176915001,full,4.33288160001,12
440,37.4995104,1,1,1,20.2343721001,full,4.34956240002,12
441,37.5161483,1,1,1,20.2510099,full,4.36620019993,12
442,37.5334153,1,1,1,20.2682805001,full,4.38348590001,12
443,37.5499402999,1,1,1,20.2848019,full,4.39999199996,12
444,37.5665373,1,1,1,20.3014215,full,4.41661169997,12
445,37.5853009999,1,1,1,20.3201688001,full,4.43536260002,12
446,37.5988443,1,1,1,20.3337083,full,4.44889989996,12
447,37.6168692,1,1,1,20.3517309,full,4.46692119993,12
448,37.632564,1,1,1,20.3674257001,full,4.48261569999,12
449,37.6494431,1,1,1,20.3843048001,full,4.4994949,12
450,37.6659772,1,1,1,20.4008389,full,4.51602899993,12
451,37.682571,1,1,1,20.4174326001,full,4.53262279998,12
452,37.6993316,1,1,1,20.4341933001,full,4.54938340001,12
453,37.7160607,1,1,1,20.4509224001,full,4.56611259992,12
454,37.7333165,1,1,1,20.4681787001,full,4.5833689,12
455,37.7500201999,1,1,1,20.4848819,full,4.60007219994,12
456,37.7666794,1,1,1,20.5015411001,full,4.61673110002,12
457,37.7826125,1,1,1,20.5174741001,full,4.63266409992,12
458,37.7992831999,1,1,1,20.5341448,full,4.64933479996,12
459,37.8159016999,1,1,1,20.5507633,full,4.66595339996,12
460,37.8327276,1,1,1,20.5675895001,full,4.68277970003,12
461,37.8500964,1,1,1,20.5849582001,full,4.70014839992,12
462,37.8665488,1,1,1,20.6014107,full,4.71660079993,12
463,37.8826047999,1,1,1,20.6174664,full,4.73265649995,12
464,37.8993407,1,1,1,20.6342023001,full,4.74939240003,12
465,37.9160662,1,1,1,20.6509278001,full,4.76611790003,12
466,37.9332745,1,1,1,20.6681362001,full,4.78332619998,12
467,37.9500412999,1,1,1,20.684903,full,4.80009309994,12
468,37.9660304,1,1,1,20.7008920001,full,4.81608200003,12
469,37.9825836,1,1,1,20.7174451001,full,4.8326353,12
470,37.9993066,1,1,1,20.7341682001,full,4.84935829998,12
471,38.0160468,1,1,1,20.7509087001,full,4.86609889998,12
472,38.0326582,1,1,1,20.7675209,full,4.88271109993,12
473,38.0501234999,1,1,1,20.7849853,full,4.90017549996,12
474,38.0667289,1,1,1,20.8015907001,full,4.91678109998,12
475,38.0833103,1,1,1,20.8181720001,full,4.93336259993,12
476,38.0993527999,1,1,1,20.8342145,full,4.94940459996,12
477,38.1166794,1,1,1,20.8515411001,full,4.96673119999,12
478,38.1333997999,1,1,1,20.8682627,full,4.98345299996,12
479,38.1493525,1,1,1,20.8842141001,full,4.9994042,12
480,38.1666758,1,1,1,20.9015381001,full,5.01672820002,12
481,38.1833213,1,1,1,20.9181829001,full,5.03337309998,12
482,38.1993568999,1,1,1,20.9342186,full,5.04940859997,12
483,38.2167322,1,1,1,20.9515940001,full,5.06678410002,12
484,38.2327396,1,1,1,20.9676013001,full,5.08279180003,12
485,38.2493961999,1,1,1,20.9842578,full,5.09944789996,12
486,38.2669032,1,1,1,21.0017650001,full,5.11695509998,12
487,38.2832831,1,1,1,21.0181447001,full,5.13333480002,12
488,38.2995768,1,1,1,21.0344608,full,5.14965089993,12
489,38.3172399,1,1,1,21.0521017001,full,5.16729200003,12
490,38.3336060999,1,1,1,21.0684679,full,5.18365829997,12
491,38.3501727,1,1,1,21.0850346001,full,5.20022499992,12
492,38.3665960999,1,1,1,21.1014579,full,5.21664799994,12
493,38.3832759999,1,1,1,21.1181377,full,5.23332789994,12
494,38.3993221,1,1,1,21.1341839001,full,5.24937410001,12
495,38.4160582999,1,1,1,21.1509201,full,5.26611019997,12
496,38.4333288,1,1,1,21.1681906,full,5.28338079993,12
497,38.4493512,1,1,1,21.1842129,full,5.29940299992,12
498,38.4661024,1,1,1,21.2009641001,full,5.3161541,12
499,38.4826724,1,1,1,21.2175341001,full,5.33272409998,12
500,38.4999587999,1,1,1,21.2348206,full,5.35001059994,12
501,38.5160973,1,1,1,21.2509590001,full,5.36614910001,12
502,38.5327176,1,1,1,21.2675793001,full,5.38276940002,12
503,38.5494267,1,1,1,21.2842883001,full,5.39947870001,12
504,38.5659762999,1,1,1,21.300838,full,5.41602809995,12
505,38.5826255999,1,1,1,21.3174872,full,5.43267729995,12
506,38.5993789,1,1,1,21.3342406,full,5.44943069993,12
507,38.6168101999,1,1,1,21.351673,full,5.46686329995,12
508,38.6328333999,1,1,1,21.3676951,full,5.48288529995,12
509,38.6499907,1,1,1,21.3848523,full,5.50004249997,12
510,38.6666365999,1,1,1,21.4014983,full,5.51668839995,12
511,38.6832624,1,1,1,21.4181240001,full,5.533314,12
512,38.6993608,1,1,1,21.4342228001,full,5.5494129,12
513,38.7166338,1,1,1,21.4514960001,full,5.56668609998,12
514,38.7332692,1,1,1,21.4681307001,full,5.58332109998,12
515,38.7493509999,1,1,1,21.4842128,full,5.59940289997,12
516,38.7660502,1,1,1,21.5009119001,full,5.6161022,12
517,38.7833070999,1,1,1,21.5181689,full,5.63335909997,12
518,38.8001855999,1,1,1,21.5350474,full,5.65023769997,12
519,38.8162091,1,1,1,21.5510708001,full,5.66626099998,12
520,38.8333598999,1,1,1,21.5682216,full,5.68341169995,12
521,38.8495039999,1,1,1,21.5843657,full,5.69955579995,12
522,38.8670284,1,1,1,21.60189,full,5.71708009997,12
523,38.8837706,1,1,1,21.6186324001,full,5.73382269999,12
524,38.9001487,1,1,1,21.6350104001,full,5.75020070001,12
525,38.9167288999,1,1,1,21.6515907,full,5.76678079995,12
526,38.9326792,1,1,1,21.6675408001,full,5.78273099998,12
527,38.949397,1,1,1,21.6842586001,full,5.79944899993,12
528,38.9660214999,1,1,1,21.7008832,full,5.81607339997,12
529,38.9826281,1,1,1,21.7174898001,full,5.83267999999,12
530,39.0000384999,1,1,1,21.7349059001,full,5.85009900003,12
531,39.0162682,1,1,1,21.7511498,full,5.86633989995,12
532,39.0333195999,1,1,1,21.7681821,full,5.88337239996,12
533,39.0502373,1,1,1,21.7850990001,full,5.90028920001,12
534,39.0662510999,1,1,1,21.8011127,full,5.91630279995,12
535,39.0827536,1,1,1,21.8176153001,full,5.93280529999,12
536,39.0993252,1,1,1,21.8341869001,full,5.94937709998,12
537,39.1161667,1,1,1,21.8510284,full,5.96621969994,12
538,39.1334322999,1,1,1,21.8682941,full,5.98348419997,12
539,39.1493618999,1,1,1,21.8842235,full,5.99941379996,12
540,39.1661592,1,1,1,21.9010209001,full,6.01621089992,12
541,39.1827903,1,1,1,21.9176520001,full,6.03284200002,12
542,39.1996647,1,1,1,21.9345263001,full,6.04973089998,12
543,39.2162009999,1,1,1,21.9510626,full,6.06625279994,12
544,39.2333639,1,1,1,21.9682255001,full,6.08341600001,12
545,39.2502893,1,1,1,21.9851511001,full,6.10034120001,12
546,39.2668076999,1,1,1,22.0016692,full,6.11685929995,12
547,39.2827725,1,1,1,22.0176342,full,6.13282489998,12
548,39.3000695,1,1,1,22.0349313001,full,6.15012150002,12
549,39.3160811,1,1,1,22.0509428,full,6.16613289993,12
550,39.3333638,1,1,1,22.0682255001,full,6.18341559998,12
551,39.3502998999,1,1,1,22.0851614,full,6.20035159995,12
552,39.3667606,1,1,1,22.1016222001,full,6.21681230003,12
553,39.3827885999,1,1,1,22.1176503,full,6.23284039996,12
554,39.3993614999,1,1,1,22.1342232,full,6.24941339996,12
555,39.4161784999,1,1,1,22.15104,full,6.26623029995,12
556,39.4328115999,1,1,1,22.1676743,full,6.28286459995,12
557,39.4494543,1,1,1,22.1843160001,full,6.29950600001,12
558,39.4662160999,1,1,1,22.2010778,full,6.31626799994,12
559,39.4833819,1,1,1,22.2182436001,full,6.33343430003,12
560,39.4994420999,1,1,1,22.2343036,full,6.34949369996,12
561,39.516084,1,1,1,22.2509456001,full,6.36613570002,12
562,39.5327203,1,1,1,22.267582,full,6.38277199992,12
563,39.5501523999,1,1,1,22.2850142,full,6.40020499995,12
564,39.5660763,1,1,1,22.3009380001,full,6.41612810001,12
565,39.5826978,1,1,1,22.3175593001,full,6.43274940003,12
566,39.5994564,1,1,1,22.3343181,full,6.44950829993,12
567,39.6163115,1,1,1,22.3511734001,full,6.46636369999,12
568,39.6334809,1,1,1,22.3683428001,full,6.48353309999,12
569,39.6495048,1,1,1,22.3843877,full,6.49957819993,12
570,39.6661877,1,1,1,22.4010495001,full,6.51623970002,12
571,39.6834112999,1,1,1,22.418273,full,6.53346319997,12
572,39.6994752999,1,1,1,22.4343373,full,6.54952759994,12
573,39.7160792999,1,1,1,22.450941,full,6.56613119994,12
574,39.733323,1,1,1,22.4681847,full,6.58337489993,12
575,39.7500477,1,1,1,22.4849093001,full,6.60009949992,12
576,39.766164,1,1,1,22.5010258,full,6.61621589994,12
577,39.7834469,1,1,1,22.5183086001,full,6.63349879999,12
578,39.7995921,1,1,1,22.5344536001,full,6.64964369999,12
579,39.8167725999,1,1,1,22.5516342,full,6.66682439996,12
580,39.8329574,1,1,1,22.5678192001,full,6.68300960003,12
581,39.8500307,1,1,1,22.5848924001,full,6.7000826,12
582,39.8661535999,1,1,1,22.6010153,full,6.71620539995,12
583,39.8833356,1,1,1,22.6181972,full,6.73338729993,12
584,39.899525,1,1,1,22.6343866001,full,6.74957659992,12
585,39.9160280999,1,1,1,22.6508898,full,6.76607989997,12
586,39.9328914999,1,1,1,22.6677531,full,6.78294309997,12
587,39.9491087999,1,1,1,22.6839777001,full,6.79917180003,12
588,39.9669427,1,1,1,22.7018060001,full,6.81699710002,12
589,39.9834269,1,1,1,22.7182888001,full,6.83347900002,12
590,39.9994382,1,1,1,22.7342999,full,6.84949059994,12
591,40.0161670999,1,1,1,22.7510288,full,6.86621879996,12
592,40.0327583,1,1,1,22.7676200001,full,6.88281019998,12
593,40.04941,1,1,1,22.7842717001,full,6.8994618,12
594,40.0661914999,1,1,1,22.8010532,full,6.91624349996,12
595,40.0835044,1,1,1,22.8183663001,full,6.93355640001,12
596,40.0995908,1,1,1,22.8344526001,full,6.94964280003,12
597,40.1168616,1,1,1,22.8517235001,full,6.96691389999,12
598,40.1337811999,1,1,1,22.8686432,full,6.98383359995,12
599,40.1501544999,1,1,1,22.8850164,full,7.00020759995,12
600,40.1668328,1,1,1,22.9016947,full,7.01688509993,12
601,40.1833790999,1,1,1,22.918241,full,7.03343119996,12
602,40.2000513,1,1,1,22.9349131001,full,7.05010340002,12
603,40.2168046,1,1,1,22.9516663001,full,7.0668567,12
604,40.2337836999,1,1,1,22.9686455,full,7.08383579995,12
605,40.2500997999,1,1,1,22.9849617,full,7.10015229997,12
606,40.2662118999,1,1,1,23.0010737,full,7.11626379995,12
607,40.2827339,1,1,1,23.0175957001,full,7.13278620003,12
608,40.2994714,1,1,1,23.0343331001,full,7.1495233,12
609,40.3167995,1,1,1,23.0516613,full,7.16685139993,12
610,40.3328085999,1,1,1,23.0676704,full,7.18286049995,12
611,40.35009,1,1,1,23.0849516001,full,7.20014169998,12
612,40.3668297,1,1,1,23.1016914001,full,7.21688149997,12
613,40.3828891,1,1,1,23.1177508001,full,7.23294080002,12
614,40.4001303,1,1,1,23.1349919001,full,7.25018209999,12
615,40.4167816,1,1,1,23.1516432001,full,7.2668333,12
616,40.4335611999,1,1,1,23.1684229,full,7.28361299995,12
617,40.4495625,1,1,1,23.1844242001,full,7.29961430002,12
618,40.4661609,1,1,1,23.2010226001,full,7.31621279998,12
619,40.4827175,1,1,1,23.2175792,full,7.33276949998,12
620,40.4994081999,1,1,1,23.2342699,full,7.34945999994,12
621,40.5161609,1,1,1,23.2510226001,full,7.36621270003,12
622,40.5334094,1,1,1,23.2682712,full,7.38346189994,12
623,40.5504016,1,1,1,23.2852635001,full,7.40045379999,12
624,40.5667696999,1,1,1,23.3016314,full,7.41682149994,12
625,40.5829098,1,1,1,23.3177725001,full,7.43296320003,12
626,40.600105,1,1,1,23.3349666001,full,7.45015659998,12
627,40.6161776,1,1,1,23.3510392001,full,7.46622990002,12
628,40.6327905999,1,1,1,23.3676523,full,7.48284239997,12
629,40.6494769,1,1,1,23.3843385001,full,7.49952920002,12
630,40.6674213,1,1,1,23.4022830001,full,7.51747329999,12
631,40.6830085,1,1,1,23.4178701,full,7.53306019993,12
632,40.700353,1,1,1,23.4352148001,full,7.55040479999,12
633,40.7162030999,1,1,1,23.4510648,full,7.56625479995,12
634,40.7327726,1,1,1,23.4676344,full,7.58282439993,12
635,40.7495193999,1,1,1,23.484381,full,7.59957109997,12
636,40.7667759999,1,1,1,23.5016377,full,7.61682789994,12
637,40.7828749999,1,1,1,23.5177367,full,7.63292679994,12
638,40.799609,1,1,1,23.5344705001,full,7.6496606,12
639,40.8169713999,1,1,1,23.5518336,full,7.66702389996,12
640,40.8328735,1,1,1,23.5677351,full,7.68292519997,12
641,40.8496401,1,1,1,23.5845018,full,7.69969189994,12
642,40.8667386,1,1,1,23.6016003001,full,7.71679039998,12
643,40.8834044,1,1,1,23.6182661001,full,7.73345679999,12
644,40.8995356,1,1,1,23.6343973001,full,7.7495874,12
645,40.9162197,1,1,1,23.6510816001,full,7.76627179992,12
646,40.9335226,1,1,1,23.6683842001,full,7.7835742,12
647,40.9500928,1,1,1,23.6849545001,full,7.80014449998,12
648,40.9668893999,1,1,1,23.7017522,full,7.81694309996,12
649,40.9834268,1,1,1,23.7182885001,full,7.83347860002,12
650,40.9995449,1,1,1,23.7344067,full,7.84959689993,12
651,41.0162025,1,1,1,23.7510642001,full,7.8662543,12
652,41.0334817,1,1,1,23.7683441001,full,7.88353430002,12
653,41.0495172,1,1,1,23.7843788001,full,7.8995692,12
654,41.0661162999,1,1,1,23.800978,full,7.91616809997,12
655,41.0837093999,1,1,1,23.8185712,full,7.93376199994,12
656,41.1002374999,1,1,1,23.8350991,full,7.95028929994,12
657,41.1162393,1,1,1,23.8511010001,full,7.96629130002,12
658,41.1334879,1,1,1,23.8683496,full,7.98353959993,12
659,41.1501364,1,1,1,23.8849982001,full,8.00018829992,12
660,41.1662018,1,1,1,23.9010635001,full,8.01625370001,12
661,41.1836361999,1,1,1,23.9184979,full,8.03368869994,12
662,41.1994949999,1,1,1,23.9343567,full,8.04954669997,12
663,41.2162079,1,1,1,23.9510695001,full,8.06625949999,12
664,41.2329098,1,1,1,23.9677714001,full,8.08296149992,12
665,41.2494637,1,1,1,23.9843256001,full,8.09951570001,12
666,41.2662147,1,1,1,24.0010764,full,8.11626649997,12
667,41.2828992,1,1,1,24.0177610001,full,8.13295110001,12
668,41.2997617,1,1,1,24.0346234001,full,8.1498136,12
669,41.3167975,1,1,1,24.0516591001,full,8.16684920003,12
670,41.3335229,1,1,1,24.0683846001,full,8.18357470003,12
671,41.3495577,1,1,1,24.0844194001,full,8.19960950001,12
672,41.3668174,1,1,1,24.1016792001,full,8.2168694,12
673,41.3834774999,1,1,1,24.1183391,full,8.23352909996,12
674,41.3996667999,1,1,1,24.1345284,full,8.24971849995,12
675,41.4167922999,1,1,1,24.151654,full,8.26684409997,12
676,41.4332532,1,1,1,24.1681148,full,8.28330489993,12
677,41.4496302999,1,1,1,24.1844919,full,8.29968199995,12
678,41.4661822,1,1,1,24.2010439001,full,8.31623400003,12
679,41.4829022,1,1,1,24.2177640001,full,8.33295419998,12
680,41.4995234,1,1,1,24.2343850001,full,8.3495753,12
681,41.5168243999,1,1,1,24.2516862,full,8.36687639996,12
682,41.5328361,1,1,1,24.2676978001,full,8.38288799999,12
683,41.5494954999,1,1,1,24.2843573,full,8.39954729995,12
684,41.5662704,1,1,1,24.3011320001,full,8.41632199998,12
685,41.5836629,1,1,1,24.3185247,full,8.43371479993,12
686,41.5994708,1,1,1,24.3343324,full,8.44952249993,12
687,41.6168264999,1,1,1,24.3516882,full,8.46687849995,12
688,41.6327699,1,1,1,24.3676316,full,8.48282169993,12
689,41.6495398,1,1,1,24.3844016001,full,8.49959179992,12
690,41.6671056,1,1,1,24.4019677001,full,8.51715790003,12
691,41.6836121,1,1,1,24.4184740001,full,8.53366459999,12
692,41.7002433999,1,1,1,24.4351051,full,8.55029529997,12
693,41.717131,1,1,1,24.4519929001,full,8.56718379993,12
694,41.7336851,1,1,1,24.4685471001,full,8.58373750001,12
695,41.7503598999,1,1,1,24.4852217,full,8.60041239997,12
696,41.7668277,1,1,1,24.5016894001,full,8.61687949998,12
697,41.7839277,1,1,1,24.5187894001,full,8.63397949992,12
698,41.7996475999,1,1,1,24.5345092,full,8.64969929995,12
699,41.8161985,1,1,1,24.5510601001,full,8.66625020001,12
700,41.8334892,1,1,1,24.5683508001,full,8.68354090001,12
701,41.8501841,1,1,1,24.5850457001,full,8.7002358,12
702,41.8662748999,1,1,1,24.6011367,full,8.71632669994,12
703,41.8828796999,1,1,1,24.6177413,full,8.73293149995,12
704,41.8994523999,1,1,1,24.6343378001,full,8.74952800001,12
705,41.9168101,1,1,1,24.6516725001,full,8.76686259999,12
706,41.9336304,1,1,1,24.6684921001,full,8.78368220001,12
707,41.9498065,1,1,1,24.6846682001,full,8.79985840002,12
708,41.9669468,1,1,1,24.7018087001,full,8.81699880003,12
709,41.9812337999,1,1,1,24.7160961,full,8.83128629997,12
710,41.9996215,1,1,1,24.7344831,full,8.84967329993,12
711,42.0163471,1,1,1,24.7512087,full,8.86639929994,12
712,42.0336819,1,1,1,24.7685437001,full,8.88373390003,12
713,42.050256,1,1,1,24.7851178001,full,8.90030799992,12
714,42.0662679999,1,1,1,24.8011297,full,8.91631979996,12
715,42.0829417,1,1,1,24.8178033001,full,8.93299340003,12
716,42.0996124999,1,1,1,24.8344742,full,8.94966429996,12
717,42.1162797,1,1,1,24.8511413001,full,8.96633139998,12
718,42.1328722,1,1,1,24.8677339001,full,8.98292420001,12
719,42.1496638,1,1,1,24.8845255,full,8.99971559993,12
720,42.1669583999,1,1,1,24.90182,full,9.01701019995,12
721,42.1835266,1,1,1,24.9183883001,full,9.03357839992,12
722,42.1995665,1,1,1,24.9344498001,full,9.04963989998,12
723,42.2170276999,1,1,1,24.9519145001,full,9.06710530003,12
724,42.2331084,1,1,1,24.9679699001,full,9.08316009992,12
725,42.2502653999,1,1,1,24.985127,full,9.10031699995,12
726,42.2670531999,1,1,1,25.0019148,full,9.11710489995,12
727,42.2829678999,1,1,1,25.0178296,full,9.13301999995,12
728,42.2995027,1,1,1,25.0343643001,full,9.14955440001,12
729,42.31626,1,1,1,25.0511216001,full,9.16631180001,12
730,42.3328766,1,1,1,25.0677384001,full,9.1829286,12
731,42.3495874,1,1,1,25.0844705,full,9.19966069993,12
732,42.3668731999,1,1,1,25.1017349,full,9.21692559996,12
733,42.3828279,1,1,1,25.1176896001,full,9.23287970002,12
734,42.3996155,1,1,1,25.1344772001,full,9.24966730003,12
735,42.4163213,1,1,1,25.1511831001,full,9.2663735,12
736,42.4329526999,1,1,1,25.1678144,full,9.28300449997,12
737,42.4495623,1,1,1,25.1844241001,full,9.29961420002,12
738,42.4669177,1,1,1,25.2017793001,full,9.31696949992,12
739,42.4837158,1,1,1,25.2185774001,full,9.33376760001,12
740,42.4996159,1,1,1,25.2344776001,full,9.34966780001,12
741,42.5168690999,1,1,1,25.2517308,full,9.36692089995,12
742,42.5336555999,1,1,1,25.2685172,full,9.38370739995,12
743,42.550433,1,1,1,25.2852948001,full,9.40048489999,12
744,42.5670975,1,1,1,25.3019592001,full,9.41714929999,12
745,42.5828824,1,1,1,25.3177441,full,9.43293419993,12
746,42.5995274,1,1,1,25.3343891001,full,9.44957920001,12
747,42.6163244999,1,1,1,25.3511862,full,9.46637619997,12
748,42.6329636,1,1,1,25.3678252001,full,9.48301520001,12
749,42.6495531,1,1,1,25.3844147001,full,9.49960480002,12
750,42.6662993999,1,1,1,25.4011611,full,9.51635129994,12
751,42.6828791,1,1,1,25.4177408001,full,9.53293099999,12
752,42.7002921,1,1,1,25.4351538001,full,9.55034399999,12
753,42.7168352,1,1,1,25.4516968001,full,9.56688689999,12
754,42.7336416,1,1,1,25.4685032001,full,9.58369330002,12
755,42.7495539,1,1,1,25.4844155001,full,9.5996057,12
756,42.7669219,1,1,1,25.5017835001,full,9.6169737,12
757,42.7835803999,1,1,1,25.5184421,full,9.63363219996,12
758,42.8002944,1,1,1,25.5351561001,full,9.65034639998,12
759,42.8163772,1,1,1,25.5512389001,full,9.66642899998,12
760,42.8330069999,1,1,1,25.5678687,full,9.68305889994,12
761,42.8502013,1,1,1,25.5850629001,full,9.70025300002,12
762,42.8662065,1,1,1,25.6010681001,full,9.7162582,12
763,42.8835801,1,1,1,25.6184419,full,9.73363189993,12
764,42.8996324,1,1,1,25.6344942001,full,9.74968439993,12
765,42.9168774,1,1,1,25.6517391001,full,9.76692919992,12
766,42.9329401,1,1,1,25.6678018001,full,9.78299199999,12
767,42.9496196,1,1,1,25.6844815001,full,9.79967169999,12
768,42.9663374,1,1,1,25.7011991,full,9.81638919993,12
769,42.9830067999,1,1,1,25.7178684,full,9.83305839996,12
770,42.9996191,1,1,1,25.7344808001,full,9.84967090003,12
771,43.0168927,1,1,1,25.7517544001,full,9.86694460001,12
772,43.0330446999,1,1,1,25.7679063,full,9.88309629995,12
773,43.0504035,1,1,1,25.7852663001,full,9.90045650001,12
774,43.0662579,1,1,1,25.8011196001,full,9.9163098,12
775,43.0830257999,1,1,1,25.8178882001,full,9.93307889998,12
776,43.0998266999,1,1,1,25.8346883,full,9.94987839996,12
777,43.1170675,1,1,1,25.8519291001,full,9.96711919992,12
778,43.1329719999,1,1,1,25.8678337,full,9.98302369996,12
779,43.1497647,1,1,1,25.8846264001,full,9.9998166,12
780,43.1663505,1,1,1,25.9012121001,full,10.0164022,12
781,43.1828895999,1,1,1,25.9177513,full,10.0329415,12
782,43.1997033,1,1,1,25.9345653,safe,0.0166947999969,12
783,43.2162744,1,1,1,25.9511363001,safe,0.0332657000981,12
784,43.2337517,1,1,1,25.9686138,safe,0.0507433000021,12
785,43.2506625999,1,1,1,25.9855247,safe,0.0676542000147,12
786,43.2670990999,1,1,1,26.0019768,safe,0.0841064000269,12
787,43.2838074999,1,1,1,26.0186699,safe,0.100799700012,12
788,43.2997671,1,1,1,26.034629,safe,0.116758399992,12
789,43.3163568999,1,1,1,26.0512187,safe,0.133348200005,12
790,43.3329612999,1,1,1,26.0678233,safe,0.149952800013,12
791,43.3499898,1,1,1,26.0848517001,safe,0.166981199989,12
792,43.3662883,1,1,1,26.1011501,safe,0.183279499994,12
793,43.3829998,1,1,1,26.1178615,safe,0.199991000001,12
794,43.4004766999,1,1,1,26.1353386,safe,0.217468200019,12
795,43.4166326,1,1,1,26.1514945001,safe,0.233623999986,12
796,43.4332078,1,1,1,26.1680696,safe,0.250199100003,12
797,43.4499223999,1,1,1,26.1847844,safe,0.266913900035,12
798,43.4668913999,1,1,1,26.2017539,safe,0.283883900032,12
799,43.4829697,1,1,1,26.2178317001,safe,0.299961199984,12
800,43.5004991,1,1,1,26.2353620001,safe,0.317491900059,12
801,43.5189713,1,1,1,26.2538408,safe,0.335974500049,12
802,43.548064,1,1,1,26.2829260001,safe,0.365055700066,12
803,43.5508236999,1,1,1,26.2856856,safe,0.367815000005,12
804,43.5670789999,1,1,1,26.3019409,safe,0.384070400032,12
805,43.5830706999,1,1,1,26.3179325,safe,0.400061800028,12
806,43.6003288999,1,1,1,26.3351907,safe,0.417320200009,12
807,43.6162290999,1,1,1,26.351091,safe,0.433220400009,12
808,43.6329323,1,1,1,26.3677941001,safe,0.44992360007,12
809,43.6496645999,1,1,1,26.3845269,safe,0.466656400007,12
810,43.6670122,1,1,1,26.4018741001,safe,0.484003600082,12
811,43.6829478,1,1,1,26.4178101,safe,0.499939500005,12
812,43.6996835,1,1,1,26.4345452001,safe,0.516674600076,12
813,43.7162786999,1,1,1,26.4511404,safe,0.533269900014,12
814,43.7330545,1,1,1,26.4679163001,safe,0.550045600045,12
815,43.7496854999,1,1,1,26.4845473,safe,0.566676800023,12
816,43.7663323999,1,1,1,26.5011943,safe,0.583323900006,12
817,43.7829936,1,1,1,26.5178553001,safe,0.599984700093,12
818,43.7996093,1,1,1,26.5344710001,safe,0.61660040007,12
819,43.8163274999,1,1,1,26.5511893,safe,0.633318700013,12
820,43.8331578,1,1,1,26.5680195,safe,0.650148899993,12
821,43.8497069,1,1,1,26.5845687001,safe,0.666698200046,12
822,43.8664328,1,1,1,26.6012954001,safe,0.683424900053,12
823,43.8830596,1,1,1,26.6179216,safe,0.700050999993,12
824,43.9002676,1,1,1,26.6351295001,safe,0.717259000055,12
825,43.9169084,1,1,1,26.6517702001,safe,0.733899599989,12
826,43.9329404,1,1,1,26.6678022001,safe,0.74993150006,12
827,43.9496825,1,1,1,26.6845445001,safe,0.76667380007,12
828,43.9668742999,1,1,1,26.7017361,safe,0.783865500009,12
829,43.9830568,1,1,1,26.7179187001,safe,0.800048200064,12
830,43.9997359,1,1,1,26.7345979001,safe,0.816727400059,12
831,44.0163319,1,1,1,26.751194,safe,0.833323400002,12
832,44.0330649,1,1,1,26.7679268001,safe,0.850056300056,12
833,44.0505781,1,1,1,26.7854629001,safe,0.867592600058,12
834,44.0672116,1,1,1,26.8020741,safe,0.8842038,12
835,44.0838296,1,1,1,26.8186917001,safe,0.900821299991,12
836,44.1007376,1,1,1,26.8355997001,safe,0.917729400098,12
837,44.1171714,1,1,1,26.8520335001,safe,0.934163200087,12
838,44.133088,1,1,1,26.8679503001,safe,0.950079900096,12
839,44.1495948,1,1,1,26.8844567001,safe,0.966586200055,12
840,44.1663925999,1,1,1,26.9012544,safe,0.98338390002,12
841,44.1829519999,1,1,1,26.9178139,safe,0.999943600036,12
842,44.1996617999,1,1,1,26.9345237,safe,1.01665310003,12
843,44.2163019,1,1,1,26.9511638001,safe,1.03329310007,12
844,44.2329677,1,1,1,26.9678296001,safe,1.04995910008,12
845,44.2497135,1,1,1,26.9845753,safe,1.0667048,12
846,44.266354,1,1,1,27.0012156001,safe,1.08334510005,12
847,44.2829838999,1,1,1,27.017846,safe,1.09997540002,12
848,44.3010078999,1,1,1,27.0358697,safe,1.11799920001,12
849,44.316286,1,1,1,27.0511477001,safe,1.13327710005,12
850,44.3331211,1,1,1,27.0679829001,safe,1.15011220006,12
851,44.3502657,1,1,1,27.0851274,safe,1.16725669999,12
852,44.3664051,1,1,1,27.1012668001,safe,1.18339620007,12
853,44.3830950999,1,1,1,27.1179568,safe,1.20008610003,12
854,44.3996657999,1,1,1,27.1345277,safe,1.21665710001,12
855,44.4163989,1,1,1,27.1512609001,safe,1.23339070007,12
856,44.4330336,1,1,1,27.1678961001,safe,1.25002570008,12
857,44.4502759,1,1,1,27.1851379001,safe,1.26726740005,12
858,44.4663801,1,1,1,27.2012433001,safe,1.2833729001,12
859,44.4840327,1,1,1,27.2188949001,safe,1.30102460005,12
860,44.500349,1,1,1,27.2352108001,safe,1.31734010007,12
861,44.5169395,1,1,1,27.2518013001,safe,1.33393080009,12
862,44.5330634,1,1,1,27.2679251001,safe,1.35005450004,12
863,44.5496234,1,1,1,27.2844853001,safe,1.36661490006,12
864,44.5662053999,1,1,1,27.3010671,safe,1.38319660001,12
865,44.5829757999,1,1,1,27.3178376,safe,1.399967,12
866,44.5998128999,1,1,1,27.3346956001,safe,1.41682510008,12
867,44.6170023,1,1,1,27.3518640001,safe,1.43399350008,12
868,44.6331101999,1,1,1,27.3679723,safe,1.45010190003,12
869,44.6504137,1,1,1,27.3852763,safe,1.46740590001,12
870,44.6671795,1,1,1,27.4020417001,safe,1.48417120008,12
871,44.6837394,1,1,1,27.4186011001,safe,1.50073070009,12
872,44.6996963,1,1,1,27.4345582001,safe,1.51668760006,12
873,44.7162883,1,1,1,27.4511501001,safe,1.53327950009,12
874,44.7330893,1,1,1,27.4679518001,safe,1.55008140008,12
875,44.7497382,1,1,1,27.4846000001,safe,1.56672940007,12
876,44.766353,1,1,1,27.5012149001,safe,1.58334440005,12
877,44.7830659,1,1,1,27.5179279001,safe,1.60005740006,12
878,44.800372,1,1,1,27.5352339001,safe,1.61736340006,12
879,44.8170059,1,1,1,27.5518677001,safe,1.63399720006,12
880,44.8342605999,1,1,1,27.5691243,safe,1.65125510003,12
881,44.8507471,1,1,1,27.5856092001,safe,1.66773890005,12
882,44.8665747,1,1,1,27.6014366001,safe,1.68356600008,12
883,44.883654,1,1,1,27.6185157001,safe,1.70064520009,12
884,44.8997231,1,1,1,27.6345848001,safe,1.7167142001,12
885,44.9163219,1,1,1,27.6511837001,safe,1.73331340007,12
886,44.933691,1,1,1,27.6685527001,safe,1.75068200007,12
887,44.949741,1,1,1,27.6846240001,safe,1.7667536001,12
888,44.9676071,1,1,1,27.7024693,safe,1.78459900001,12
889,44.9844689,1,1,1,27.7193312,safe,1.80146079999,12
890,45.0009824999,1,1,1,27.7358447,safe,1.81797430001,12
891,45.0172117,1,1,1,27.7520745001,safe,1.83420420007,12
892,45.0336382,1,1,1,27.7685004,safe,1.85063,12
893,45.0504964,1,1,1,27.7853585001,safe,1.86748810008,12
894,45.0670777999,1,1,1,27.8019396,safe,1.88406910002,12
895,45.0837658,1,1,1,27.8186276001,safe,1.90075690008,12
896,45.0996564999,1,1,1,27.8345183,safe,1.91664770001,12
897,45.1163315,1,1,1,27.8511933001,safe,1.93332290009,12
898,45.1339234,1,1,1,27.8687865001,safe,1.95091610006,12
899,45.1504508,1,1,1,27.8853133001,safe,1.96744310006,12
900,45.1671833,1,1,1,27.9020462,safe,1.9841759,12
901,45.18378,1,1,1,27.9186424001,safe,2.00078680005,12
902,45.2006070999,1,1,1,27.9354694,safe,2.01759900001,12
903,45.2172951,1,1,1,27.9521574001,safe,2.03428720008,12
904,45.2336571,1,1,1,27.9685189001,safe,2.05064840009,12
905,45.2497373,1,1,1,27.9845992001,safe,2.06672890007,12
906,45.2671203,1,1,1,28.0019826001,safe,2.08411230007,12
907,45.2838232999,1,1,1,28.0186854,safe,2.10081500001,12
908,45.3004337,1,1,1,28.0352956001,safe,2.11742510006,12
909,45.3164289,1,1,1,28.0512908001,safe,2.13342030009,12
910,45.3330840999,1,1,1,28.067946,safe,2.15007560002,12
911,45.3497089,1,1,1,28.0845706001,safe,2.16670010006,12
912,45.3663210999,1,1,1,28.1011828,safe,2.18331230001,12
913,45.3830965,1,1,1,28.1179584,safe,2.20008790004,12
914,45.4005374999,1,1,1,28.1353995,safe,2.21752920002,12
915,45.4172745,1,1,1,28.1521367001,safe,2.23426639999,12
916,45.4341222,1,1,1,28.1689846001,safe,2.25111449999,12
917,45.4505871,1,1,1,28.1854494001,safe,2.26757900009,12
918,45.4675325999,1,1,1,28.2023949,safe,2.28452450002,12
919,45.4839916,1,1,1,28.2188543001,safe,2.30098400009,12
920,45.5005974,1,1,1,28.2354598001,safe,2.31761959998,12
921,45.517234,1,1,1,28.2520963,safe,2.33422650001,12
922,45.5338771,1,1,1,28.2687393001,safe,2.35086910008,12
923,45.5507472999,1,1,1,28.2856098,safe,2.36773960001,12
924,45.5673183,1,1,1,28.3021808,safe,2.3843106,12
925,45.5841064,1,1,1,28.3189688,safe,2.40109910001,12
926,45.6004745,1,1,1,28.3353369001,safe,2.41746680008,12
927,45.6171286,1,1,1,28.351991,safe,2.4341208,12
928,45.6339321,1,1,1,28.3687949,safe,2.45092470001,12
929,45.6505154,1,1,1,28.3853778001,safe,2.46750760009,12
930,45.6672249,1,1,1,28.4020869001,safe,2.48421660007,12
931,45.6840531999,1,1,1,28.4189159001,safe,2.50104570005,12
932,45.7006398999,1,1,1,28.4355021,safe,2.51763180003,12
933,45.7173635999,1,1,1,28.4522259,safe,2.53435560002,12
934,45.7338793,1,1,1,28.4687417001,safe,2.55087140005,12
935,45.7512856,1,1,1,28.4861507,safe,2.56828180002,12
936,45.7665541,1,1,1,28.5014161001,safe,2.58354560006,12
937,45.7830281999,1,1,1,28.51789,safe,2.60001950001,12
938,45.7997329,1,1,1,28.5345947001,safe,2.61672430008,12
939,45.8163404,1,1,1,28.5512024,safe,2.6333319,12
940,45.8330673999,1,1,1,28.5679449,safe,2.65007430001,12
941,45.8497121,1,1,1,28.5845746001,safe,2.66670410009,12
942,45.8664011999,1,1,1,28.601263,safe,2.68339240004,12
943,45.8831517,1,1,1,28.6180134,safe,2.70014279999,12
944,45.8997042,1,1,1,28.6345660001,safe,2.71669560007,12
945,45.916369,1,1,1,28.6512310001,safe,2.73336040007,12
946,45.9330721999,1,1,1,28.667934,safe,2.75006340002,12
947,45.9504381999,1,1,1,28.6853002,safe,2.76743000001,12
948,45.966422,1,1,1,28.7012838001,safe,2.78341330006,12
949,45.9836583,1,1,1,28.7185200001,safe,2.80064949999,12
950,45.9997925999,1,1,1,28.7346544,safe,2.81678380002,12
951,46.0165524,1,1,1,28.7514144001,safe,2.83354390005,12
952,46.0331882,1,1,1,28.7680501001,safe,2.85017990007,12
953,46.0504657,1,1,1,28.7853279001,safe,2.86745730008,12
954,46.0672139999,1,1,1,28.8020982001,safe,2.88422790007,12
955,46.0831836,1,1,1,28.8180455001,safe,2.90017490007,12
956,46.0997719,1,1,1,28.8346344001,safe,2.91676390008,12
957,46.1164905999,1,1,1,28.8513525,safe,2.93348200002,12
958,46.1332391,1,1,1,28.8681013001,safe,2.95023090008,12
959,46.1504144999,1,1,1,28.8852765,safe,2.96740600001,12
960,46.1664939,1,1,1,28.9013558001,safe,2.98348530009,12
961,46.183199,1,1,1,28.9180607001,safe,3.00019020005,12
962,46.1997117,1,1,1,28.9345734001,safe,3.01670290006,12
963,46.2176408999,1,1,1,28.9525032,safe,3.03463300003,12
964,46.2337871999,1,1,1,28.9686498001,safe,3.05077950004,12
965,46.2505651,1,1,1,28.9854269001,safe,3.06755640008,12
966,46.2670744,1,1,1,29.0019363001,safe,3.08406570007,12
967,46.2830486,1,1,1,29.0179103001,safe,3.10003980005,12
968,46.2997562999,1,1,1,29.0346181,safe,3.11674740002,12
969,46.3163664,1,1,1,29.0512282001,safe,3.13335760008,12
970,46.3330287,1,1,1,29.0678906001,safe,3.15002010006,12
971,46.3504253,1,1,1,29.0852872001,safe,3.16741670005,12
972,46.36705,1,1,1,29.1019120001,safe,3.18404150009,12
973,46.3837663999,1,1,1,29.1186292,safe,3.20075880003,12
974,46.4010356,1,1,1,29.1358983001,safe,3.21802810009,12
975,46.416604,1,1,1,29.1514679,safe,3.23359750002,12
976,46.4338424,1,1,1,29.1687281,safe,3.25085760001,12
977,46.4507665,1,1,1,29.1856284001,safe,3.26775840006,12
978,46.4671113,1,1,1,29.2019732001,safe,3.28410280007,12
979,46.483076,1,1,1,29.2179376001,safe,3.30006700009,12
980,46.4998392999,1,1,1,29.234701,safe,3.31683060003,12
981,46.5165786999,1,1,1,29.2514404,safe,3.33356980002,12
982,46.5333693,1,1,1,29.2682317001,safe,3.35036180005,12
983,46.5503622,1,1,1,29.2852245001,safe,3.36735409999,12
984,46.5670542,1,1,1,29.3019168001,safe,3.38404670008,12
985,46.5830736,1,1,1,29.3179356001,safe,3.40006520005,12
986,46.6003502,1,1,1,29.3352122001,safe,3.41734170006,12
987,46.6164136999,1,1,1,29.3512755,safe,3.43340500002,12
988,46.6332601999,1,1,1,29.368122,safe,3.45025140001,12
989,46.6498305,1,1,1,29.3846924001,safe,3.46682169999,12
990,46.6694772,1,1,1,29.4043471001,safe,3.48648070008,12
991,46.683093,1,1,1,29.4179546001,safe,3.50008390006,12
992,46.6998378,1,1,1,29.4347002001,safe,3.51682970009,12
993,46.7165799,1,1,1,29.4514415001,safe,3.53357100009,12
994,46.7331896999,1,1,1,29.4680513,safe,3.55018070003,12
995,46.7505616,1,1,1,29.4854234001,safe,3.56755290006,12
996,46.7671279999,1,1,1,29.5019899,safe,3.58411930001,12
997,46.7839397,1,1,1,29.5188021001,safe,3.60093160009,12
998,46.8005212999,1,1,1,29.5353835,safe,3.61751300003,12
999,46.816547,1,1,1,29.5514090001,safe,3.63353850006,12
1000,46.8338315,1,1,1,29.5686934,safe,3.6508229,12
1001,46.8498522,1,1,1,29.5847142001,safe,3.66684369999,12
1002,46.8664569,1,1,1,29.6013252001,safe,3.68345530005,12
1003,46.8830213,1,1,1,29.6178832001,safe,3.70001260005,12
1004,46.9007553,1,1,1,29.6356174001,safe,3.71774700005,12
1005,46.9165182,1,1,1,29.6513800001,safe,3.73350940004,12
1006,46.9337211,1,1,1,29.6685828001,safe,3.75071220007,12
1007,46.9498046,1,1,1,29.6846664001,safe,3.76679580007,12
1008,46.9671607,1,1,1,29.7020227001,safe,3.7841521001,12
1009,46.9831726999,1,1,1,29.7180352,safe,3.80016540003,12
1010,47.0004257,1,1,1,29.7352877001,safe,3.81741710007,12
1011,47.017092,1,1,1,29.7519539001,safe,3.83408330008,12
1012,47.0337376,1,1,1,29.7685996001,safe,3.85072900006,12
1013,47.0501105,1,1,1,29.7849721001,safe,3.86710160004,12
1014,47.0672648,1,1,1,29.8021267001,safe,3.88425610005,12
1015,47.0839943,1,1,1,29.8188566001,safe,3.90098620008,12
1016,47.1005596999,1,1,1,29.8354218,safe,3.91755150002,12
1017,47.1165346999,1,1,1,29.8513968,safe,3.93352640001,12
1018,47.1331349,1,1,1,29.8679968001,safe,3.9501262001,12
1019,47.1505048,1,1,1,29.8853673,safe,3.9674969,12
1020,47.1670936,1,1,1,29.9019556,safe,3.98408520001,12
1021,47.183269,1,1,1,29.9181308,safe,4.0002603,12
1022,47.1988858,1,1,1,29.9337499001,safe,4.01587990008,12
1023,47.2175159999,1,1,1,29.9523784,safe,4.03450810001,12
1024,47.2332174999,1,1,1,29.9680797,safe,4.05020900001,12
1025,47.2498525999,1,1,1,29.9847143,safe,4.06684380001,12
1026,47.2664881999,1,1,1,30.00135,safe,4.08347950003,12
1027,47.2832587999,1,1,1,30.0181206,safe,4.10025020002,12
1028,47.2999338,1,1,1,30.0347956001,safe,4.1169252001,12
1029,47.3166199999,1,1,1,30.0514818,safe,4.13361140003,12
1030,47.3338016999,1,1,1,30.0686636,safe,4.15079320001,12
1031,47.3499107,1,1,1,30.0847955,safe,4.16692500003,12
1032,47.3665088,1,1,1,30.1013707001,safe,4.18350010004,12
1033,47.3830758,1,1,1,30.1179376,safe,4.200067,12
1034,47.3997646,1,1,1,30.1346263001,safe,4.21675570006,12
1035,47.4166220999,1,1,1,30.1514847,safe,4.23361430003,12
1036,47.4330976,1,1,1,30.1679594001,safe,4.25008890009,12
1037,47.4498513,1,1,1,30.1847132001,safe,4.26684280008,12
1038,47.4672076,1,1,1,30.2020697001,safe,4.28419929999,12
1039,47.4832672999,1,1,1,30.2181298001,safe,4.30025940004,12
1040,47.5004052999,1,1,1,30.2352671,safe,4.31739650003,12
1041,47.5164983,1,1,1,30.2513601001,safe,4.33348949999,12
1042,47.5338603,1,1,1,30.2687224001,safe,4.35085200006,12
1043,47.5498488999,1,1,1,30.2847108,safe,4.36684080004,12
1044,47.5665244,1,1,1,30.3013875,safe,4.38351710001,12
1045,47.5848541,1,1,1,30.3197159001,safe,4.40184529999,12
1046,47.599835,1,1,1,30.3346966001,safe,4.41682600009,12
1047,47.6165079999,1,1,1,30.3513699,safe,4.43349940004,12
1048,47.6332222,1,1,1,30.3680841001,safe,4.45021410007,12
1049,47.6499505,1,1,1,30.3848125001,safe,4.46694190009,12
1050,47.6665664,1,1,1,30.4014284001,safe,4.48355780006,12
1051,47.6831807999,1,1,1,30.4180425,safe,4.50017190003,12
1052,47.6997091,1,1,1,30.4345708,safe,4.51670020004,12
1053,47.7172908999,1,1,1,30.452153,safe,4.53428260004,12
1054,47.7335421999,1,1,1,30.4684066001,safe,4.55053640006,12
1055,47.7506439,1,1,1,30.4855057001,safe,4.56763519999,12
1056,47.7671193,1,1,1,30.5019814001,safe,4.58411090006,12
1057,47.7839004999,1,1,1,30.5187624,safe,4.60089180002,12
1058,47.7999348,1,1,1,30.5347968001,safe,4.61692639999,12
1059,47.8164923,1,1,1,30.5513540001,safe,4.63348349999,12
1060,47.8356281,1,1,1,30.5704971,safe,4.65263040003,12
1061,47.8513056,1,1,1,30.5861704,safe,4.66830160003,12
1062,47.8679267999,1,1,1,30.6027891,safe,4.68491880002,12
1063,47.8837962999,1,1,1,30.6186582,safe,4.70078770001,12
1064,47.8999535,1,1,1,30.6348152001,safe,4.71694509999,12
1065,47.9164458,1,1,1,30.6513077001,safe,4.73343710008,12
1066,47.9332319,1,1,1,30.6680942001,safe,4.75022410008,12
1067,47.9505786999,1,1,1,30.6854409,safe,4.76757060003,12
1068,47.9671295,1,1,1,30.7019914001,safe,4.78412080009,12
1069,47.9832287,1,1,1,30.7180903001,safe,4.80021980009,12
1070,47.9998307,1,1,1,30.7346924001,safe,4.81682200008,12
1071,48.0164270999,1,1,1,30.7512889,safe,4.83341840003,12
1072,48.033236,1,1,1,30.7680979001,safe,4.85022720008,12
1073,48.0498965,1,1,1,30.7847583001,safe,4.86688780005,12
1074,48.066563,1,1,1,30.8014247001,safe,4.88355420006,12
1075,48.0838243,1,1,1,30.8186861001,safe,4.90081550006,12
1076,48.1011212,1,1,1,30.8359837,safe,4.9181134,12
1077,48.1172241999,1,1,1,30.8521099001,safe,4.93423960009,12
1078,48.1331504,1,1,1,30.8680124001,safe,4.95014169998,12
1079,48.1506238,1,1,1,30.8854859001,safe,4.96761540009,12
1080,48.1673874999,1,1,1,30.9022710001,safe,4.98440050008,12
1081,48.1840053999,1,1,1,30.9188673,safe,5.00099680002,12
1082,48.1998342,1,1,1,30.9346960001,safe,5.01682540006,12
1083,48.2165860999,1,1,1,30.9514478,safe,5.03357730003,12
1084,48.2332346999,1,1,1,30.9680968,safe,5.05022610002,12
1085,48.2504042999,1,1,1,30.9852659,safe,5.06739540002,12
1086,48.2672004,1,1,1,31.0020624001,safe,5.0841919001,12
1087,48.2838675,1,1,1,31.0187295,safe,5.100859,12
1088,48.2998685,1,1,1,31.0347303001,safe,5.11685980007,12
1089,48.3164462,1,1,1,31.0513082001,safe,5.13343759999,12
1090,48.3334407,1,1,1,31.0683028001,safe,5.15043240006,12
1091,48.3507391,1,1,1,31.0856010001,safe,5.16773049999,12
1092,48.3665812999,1,1,1,31.101443,safe,5.18357240001,12
1093,48.3837575,1,1,1,31.1186195001,safe,5.20074900007,12
1094,48.3998764,1,1,1,31.1347383001,safe,5.21686789999,12
1095,48.4165828,1,1,1,31.1514447001,safe,5.23357430007,12
1096,48.4333079,1,1,1,31.1681700001,safe,5.25029980007,12
1097,48.4498324,1,1,1,31.1846943001,safe,5.26682370005,12
1098,48.4665013,1,1,1,31.2013632001,safe,5.28349270008,12
1099,48.4838159999,1,1,1,31.2186777,safe,5.30080700002,12
1100,48.50056,1,1,1,31.2354221001,safe,5.31760140008,12
1101,48.5166865999,1,1,1,31.2515483,safe,5.33367770002,12
1102,48.5332704,1,1,1,31.2681322001,safe,5.35026159999,12
1103,48.5498509,1,1,1,31.2847127001,safe,5.36684220005,12
1104,48.5672081,1,1,1,31.3020699001,safe,5.38419930008,12
1105,48.5839008,1,1,1,31.3187627001,safe,5.40089220006,12
1106,48.6009664,1,1,1,31.3358292001,safe,5.41795899998,12
1107,48.6174240999,1,1,1,31.3522866,safe,5.43441620003,12
1108,48.6339603,1,1,1,31.3688226001,safe,5.45095229999,12
1109,48.6506675,1,1,1,31.3855303001,safe,5.46766000008,12
1110,48.6674639999,1,1,1,31.4023262,safe,5.48445580003,12
1111,48.6833076,1,1,1,31.4181696001,safe,5.50029910007,12
1112,48.7008599,1,1,1,31.4357243001,safe,5.5178548001,12
1113,48.7175866,1,1,1,31.4524503001,safe,5.5345806001,12
1114,48.7342436999,1,1,1,31.4691061,safe,5.55123590003,12
1115,48.7508791999,1,1,1,31.4857423001,safe,5.56787220004,12
1116,48.7671405,1,1,1,31.5020026001,safe,5.58413239999,12
1117,48.7833089,1,1,1,31.5181713001,safe,5.60030100006,12
1118,48.8005388,1,1,1,31.5354009001,safe,5.61753060005,12
1119,48.8166139,1,1,1,31.5514759001,safe,5.63360559999,12
1120,48.8332176,1,1,1,31.5680797001,safe,5.65020949999,12
1121,48.8499960999,1,1,1,31.5848581,safe,5.66698760004,12
1122,48.8666692,1,1,1,31.6015312001,safe,5.68366079999,12
1123,48.8839718,1,1,1,31.6188338001,safe,5.70096330007,12
1124,48.9006883,1,1,1,31.6355517,safe,5.71768160001,12
1125,48.9172826,1,1,1,31.6521447001,safe,5.73427440005,12
1126,48.9338527999,1,1,1,31.6687148,safe,5.75084420003,12
1127,48.9501152,1,1,1,31.6849770001,safe,5.76710649999,12
1128,48.9665286,1,1,1,31.7013902001,safe,5.78351970005,12
1129,48.9832107,1,1,1,31.7180724001,safe,5.80020170007,12
1130,48.9998595,1,1,1,31.7347212001,safe,5.81685070007,12
1131,49.016613,1,1,1,31.7514751001,safe,5.83360460005,12
1132,49.0332844,1,1,1,31.7681464001,safe,5.8502760001,12
1133,49.0500194,1,1,1,31.7848815001,safe,5.86701100005,12
1134,49.0666156,1,1,1,31.8014774,safe,5.8836069,12
1135,49.0832066999,1,1,1,31.8180684,safe,5.90019780002,12
1136,49.0998672,1,1,1,31.8347289001,safe,5.91685829998,12
1137,49.1166338,1,1,1,31.8514957001,safe,5.93362510006,12
1138,49.1333059999,1,1,1,31.8681679,safe,5.95029750001,12
1139,49.1498787999,1,1,1,31.8847407,safe,5.9668701,12
1140,49.1666736,1,1,1,31.9015355001,safe,5.98366500007,12
1141,49.1832218,1,1,1,31.9180835,safe,6.00021279999,12
1142,49.1998477,1,1,1,31.9347096001,safe,6.01683900005,12
1143,49.2166391,1,1,1,31.9515009001,safe,6.03363030008,12
1144,49.2331992,1,1,1,31.9680612001,safe,6.05019059998,12
1145,49.2499596999,1,1,1,31.9848215,safe,6.06695100002,12
1146,49.2665171999,1,1,1,32.0013793,safe,6.08350870002,12
1147,49.2833362999,1,1,1,32.0181981,safe,6.10032760003,12
1148,49.2999749,1,1,1,32.0348368001,safe,6.11696630006,12
1149,49.3166142,1,1,1,32.0514760001,safe,6.13360559999,12
1150,49.3332766,1,1,1,32.0681384001,safe,6.15026780008,12
1151,49.3505568,1,1,1,32.085419,safe,6.1675484,12
1152,49.3666076,1,1,1,32.1014692001,safe,6.1835986001,12
1153,49.3839218999,1,1,1,32.1187843001,safe,6.20091390004,12
1154,49.3998877,1,1,1,32.1347498001,safe,6.21687940008,12
1155,49.4172697,1,1,1,32.1521322001,safe,6.23426200007,12
1156,49.4340159,1,1,1,32.1688780001,safe,6.25100769999,12
1157,49.4506476,1,1,1,32.1855101001,safe,6.26763980009,12
1158,49.4673066,1,1,1,32.2021687001,safe,6.28429820004,12
1159,49.4831962,1,1,1,32.2180580001,safe,6.30018740008,12
1160,49.4999358,1,1,1,32.2347977001,safe,6.31692720007,12
1161,49.5165235,1,1,1,32.2513854001,safe,6.33351500006,12
1162,49.5339078,1,1,1,32.2687700001,safe,6.35089950007,12
1163,49.5499459,1,1,1,32.2848078001,safe,6.36693720007,12
1164,49.5666385,1,1,1,32.3015004001,safe,6.38363000005,12
1165,49.5833169,1,1,1,32.3181787001,safe,6.40030820004,12
1166,49.6006614,1,1,1,32.3355261,safe,6.4176556,12
1167,49.6165649999,1,1,1,32.351427,safe,6.43355640001,12
1168,49.6333444,1,1,1,32.3682062001,safe,6.45033550006,12
1169,49.6499346,1,1,1,32.3847968001,safe,6.46692630008,12
1170,49.6673153,1,1,1,32.4021776001,safe,6.48430730007,12
1171,49.6840267,1,1,1,32.4188900001,safe,6.50102050009,12
1172,49.7000353,1,1,1,32.4348972001,safe,6.51702670008,12
1173,49.7174971,1,1,1,32.4523595001,safe,6.53448919998,12
1174,49.7338943999,1,1,1,32.4687568001,safe,6.55088650004,12
1175,49.7499155999,1,1,1,32.4847775,safe,6.56690710003,12
1176,49.7666963,1,1,1,32.5015583001,safe,6.5836878001,12
1177,49.78382,1,1,1,32.5186825001,safe,6.60081199999,12
1178,49.7999182,1,1,1,32.5347800001,safe,6.6169095001,12
1179,49.8165900999,1,1,1,32.5514518,safe,6.63358120003,12
1180,49.8333484,1,1,1,32.5682102001,safe,6.65033970005,12
1181,49.8506350999,1,1,1,32.585497,safe,6.66762660001,12
1182,49.8676541999,1,1,1,32.6025165,safe,6.68464620004,12
1183,49.8840738999,1,1,1,32.6189370001,safe,6.70106740005,12
1184,49.9005094999,1,1,1,32.6353715,safe,6.71750100004,12
1185,49.9171934,1,1,1,32.6520556001,safe,6.73418530007,12
1186,49.9339818,1,1,1,32.6688438001,safe,6.75097330008,12
1187,49.9511446999,1,1,1,32.6860074,safe,6.76813700004,12
1188,49.9667686999,1,1,1,32.7016306,safe,6.78376000002,12
1189,49.9839368999,1,1,1,32.7187987,safe,6.80092810001,12
1190,50.0005975,1,1,1,32.7354599001,safe,6.81758949999,12
1191,50.0166817,1,1,1,32.7515434001,safe,6.83367279998,12
1192,50.0339618999,1,1,1,32.7688242,safe,6.85095370002,12
1193,50.0507379,1,1,1,32.7855997001,safe,6.86772920005,12
1194,50.0666055999,1,1,1,32.8014673,safe,6.88362560002,12
1195,50.0832883,1,1,1,32.8181501001,safe,6.90027960006,12
1196,50.1009066,1,1,1,32.8357690001,safe,6.91789879999,12
1197,50.1172909,1,1,1,32.8521529001,safe,6.93428250006,12
1198,50.1333133,1,1,1,32.8681751001,safe,6.95030450006,12
1199,50.1505892,1,1,1,32.8854511001,safe,6.96758050006,12
1200,50.1675390999,1,1,1,32.9024016,safe,6.98453130003,12
1201,50.1834711999,1,1,1,32.9183335,safe,7.00046300003,12
1202,50.2000168,1,1,1,32.9348789001,safe,7.01700840006,12
1203,50.2166689,1,1,1,32.9515308001,safe,7.03366040008,12
1204,50.2332531,1,1,1,32.9681151001,safe,7.05024470005,12
1205,50.2500277,1,1,1,32.9848897001,safe,7.06701910007,12
1206,50.2666497,1,1,1,33.0015116001,safe,7.08364110009,12
1207,50.2832938,1,1,1,33.0181556001,safe,7.10028490005,12
1208,50.300682,1,1,1,33.0355440001,safe,7.11767360009,12
1209,50.3168077,1,1,1,33.0516697001,safe,7.13379930006,12
1210,50.333183,1,1,1,33.0680447001,safe,7.15017430007,12
1211,50.349957,1,1,1,33.0848188001,safe,7.16694820009,12
1212,50.3666174,1,1,1,33.1014791001,safe,7.18360860005,12
1213,50.3834368,1,1,1,33.1182986001,safe,7.20042810007,12
1214,50.3998968999,1,1,1,33.1347587,safe,7.21688820003,12
1215,50.4167278999,1,1,1,33.1515897,safe,7.23371900001,12
1216,50.4338972999,1,1,1,33.1687593,safe,7.25088870001,12
1217,50.449944,1,1,1,33.1848057001,safe,7.26693510008,12
1218,50.4674874999,1,1,1,33.2023495,safe,7.28447900002,12
1219,50.4840669,1,1,1,33.2189286001,safe,7.30105810007,12
1220,50.4999972,1,1,1,33.2348588001,safe,7.31698820007,12
1221,50.5169993,1,1,1,33.2518612001,safe,7.33399110008,12
1222,50.5339677,1,1,1,33.2688296001,safe,7.35095910006,12
1223,50.5501131,1,1,1,33.2849754001,safe,7.36710490007,12
1224,50.5666451,1,1,1,33.3015070001,safe,7.38363649999,12
1225,50.5835965,1,1,1,33.3184588001,safe,7.40058860008,12
1226,50.6012458999,1,1,1,33.3361082,safe,7.41823800001,12
1227,50.6173287,1,1,1,33.3521905,safe,7.43432,12
1228,50.6332912999,1,1,1,33.3681533,safe,7.45028290001,12
1229,50.6500807999,1,1,1,33.3849427,safe,7.46707220003,12
1230,50.667304,1,1,1,33.4021666001,safe,7.4842962001,12
1231,50.6833616999,1,1,1,33.4182239,safe,7.50035350001,12
1232,50.7000559999,1,1,1,33.4349179,safe,7.5170474,12
1233,50.716696,1,1,1,33.4515578001,safe,7.53368710005,12
1234,50.7334124,1,1,1,33.4682744001,safe,7.5504039001,12
1235,50.7505922,1,1,1,33.4854542001,safe,7.56758360006,12
1236,50.7667076,1,1,1,33.5015696001,safe,7.58369900007,12
1237,50.7834142999,1,1,1,33.5182761,safe,7.60040600004,12
1238,50.8000849,1,1,1,33.5349465001,safe,7.61707590008,12
1239,50.8167908,1,1,1,33.5516526001,safe,7.63378220005,12
1240,50.833258,1,1,1,33.5681199001,safe,7.65024940006,12
1241,50.8500223999,1,1,1,33.5848846,safe,7.66701420001,12
1242,50.8673477999,1,1,1,33.6022101,safe,7.68433970003,12
1243,50.8840418999,1,1,1,33.6189044,safe,7.70103390003,12
1244,50.9005801,1,1,1,33.6354419001,safe,7.71757169999,12
1245,50.9166481,1,1,1,33.6515099001,safe,7.73363929999,12
1246,50.9333237,1,1,1,33.6681856001,safe,7.75031510007,12
1247,50.9499704,1,1,1,33.6848324001,safe,7.76696190005,12
1248,50.9673088,1,1,1,33.7021709001,safe,7.78430030006,12
1249,50.9833702999,1,1,1,33.7182322,safe,7.80036180001,12
1250,51.0000148,1,1,1,33.7348766001,safe,7.81700610009,12
1251,51.0165706,1,1,1,33.7514323001,safe,7.83356170007,12
1252,51.0333165,1,1,1,33.7681785,safe,7.85030789999,12
1253,51.0500442999,1,1,1,33.7849064,safe,7.86703600001,12
1254,51.0673237999,1,1,1,33.8021856,safe,7.88431510003,12
1255,51.0833639,1,1,1,33.8182257001,safe,7.90035520005,12
1256,51.1006309,1,1,1,33.8354928001,safe,7.9176224001,12
1257,51.1167708,1,1,1,33.8516326001,safe,7.93376210006,12
1258,51.1339139,1,1,1,33.8687759001,safe,7.95090530009,12
1259,51.1500499999,1,1,1,33.8849118,safe,7.96704130003,12
1260,51.1673284,1,1,1,33.9021904001,safe,7.98431980005,12
1261,51.1840365999,1,1,1,33.9188984,safe,8.00102800003,12
1262,51.2001113,1,1,1,33.9349731001,safe,8.01710260008,12
1263,51.2167495,1,1,1,33.9516114,safe,8.03374079999,12
1264,51.2333822,1,1,1,33.9682440001,safe,8.0503733001,12
1265,51.2499910999,1,1,1,33.984853,safe,8.06698250002,12
1266,51.2666655,1,1,1,34.0015274001,safe,8.0836568001,12
1267,51.2834579999,1,1,1,34.0183199,safe,8.10044930002,12
1268,51.3016573,1,1,1,34.0365189001,safe,8.11864840006,12
1269,51.3168258,1,1,1,34.0516877001,safe,8.13381700008,12
1270,51.3335164,1,1,1,34.0683781001,safe,8.15050760005,12
1271,51.3500154,1,1,1,34.0848772001,safe,8.16700650007,12
1272,51.3667874,1,1,1,34.1016491001,safe,8.18377850007,12
1273,51.3839954999,1,1,1,34.1188572,safe,8.20098660002,12
1274,51.4000999,1,1,1,34.1349619001,safe,8.21709140006,12
1275,51.4173167,1,1,1,34.1521784001,safe,8.23430800007,12
1276,51.4333358,1,1,1,34.1681976001,safe,8.25032700005,12
1277,51.4507489,1,1,1,34.1856107,safe,8.26774020004,12
1278,51.4668305999,1,1,1,34.2017133001,safe,8.28384290007,12
1279,51.4840181,1,1,1,34.2188801001,safe,8.30100960005,12
1280,51.5008663,1,1,1,34.2357284001,safe,8.31785810005,12
1281,51.5173623,1,1,1,34.2522253001,safe,8.33435500006,12
1282,51.5333823999,1,1,1,34.2682446,safe,8.35037440003,12
1283,51.5499973,1,1,1,34.284859,safe,8.3669885,12
1284,51.5666522,1,1,1,34.301514,safe,8.38364350004,12
1285,51.5834023,1,1,1,34.318264,safe,8.40039369999,12
1286,51.6001179999,1,1,1,34.3349799,safe,8.41710940003,12
1287,51.616694,1,1,1,34.3515558001,safe,8.43368540006,12
1288,51.6333389999,1,1,1,34.3682007,safe,8.45033010002,12
1289,51.6500385,1,1,1,34.3849006001,safe,8.46703010006,12
1290,51.6674579,1,1,1,34.4023208,safe,8.48445029999,12
1291,51.6839883999,1,1,1,34.4188504,safe,8.50098010001,12
1292,51.7001697,1,1,1,34.4350319001,safe,8.51716140006,12
1293,51.7172684,1,1,1,34.4521305001,safe,8.53425989999,12
1294,51.7333347,1,1,1,34.4681966001,safe,8.55032630009,12
1295,51.7500338,1,1,1,34.4849181001,safe,8.56704750005,12
1296,51.7666007,1,1,1,34.5014624001,safe,8.58359190007,12
1297,51.7833183999,1,1,1,34.51818,safe,8.6003094,12
1298,51.799993,1,1,1,34.5348547001,safe,8.61698420008,12
1299,51.8166751,1,1,1,34.5515369001,safe,8.6336664001,12
1300,51.8334407,1,1,1,34.5683028001,safe,8.65043220005,12
1301,51.8513759,1,1,1,34.5862381001,safe,8.66836770007,12
1302,51.8674071999,1,1,1,34.6022691,safe,8.68439850002,12
1303,51.8840076,1,1,1,34.6188697,safe,8.7009993,12
1304,51.9007112,1,1,1,34.6355732001,safe,8.71770280006,12
1305,51.9167359,1,1,1,34.6515979001,safe,8.73372750008,12
1306,51.934074,1,1,1,34.6689360001,safe,8.75106560008,12
1307,51.9500908999,1,1,1,34.6849527,safe,8.76708230004,12
1308,51.9666892,1,1,1,34.7015511,safe,8.7836806,12
1309,51.9834352999,1,1,1,34.7182971,safe,8.80042660004,12
1310,52.0006606,1,1,1,34.7355226,safe,8.8176523,12
1311,52.0172674999,1,1,1,34.7521293,safe,8.83425880002,12
1312,52.0335023999,1,1,1,34.7683645,safe,8.85049410001,12
1313,52.0508349,1,1,1,34.7856969001,safe,8.86782640009,12
1314,52.0677234,1,1,1,34.8025856001,safe,8.88471530005,12
1315,52.0833577999,1,1,1,34.8182201,safe,8.90034950001,12
1316,52.1009175,1,1,1,34.8357797001,safe,8.91790940007,12
1317,52.1166789,1,1,1,34.8515407001,safe,8.93367010006,12
1318,52.1341605,1,1,1,34.8690224,safe,8.95115199999,12
1319,52.150883,1,1,1,34.8857450001,safe,8.96787520009,12
1320,52.1666758,1,1,1,34.9015376001,safe,8.98366720008,12
1321,52.1839880999,1,1,1,34.9188504,safe,9.00097970001,12
1322,52.2008213999,1,1,1,34.9356834,safe,9.01781310001,12
1323,52.2166971,1,1,1,34.9515590001,safe,9.03368850006,12
1324,52.2334463,1,1,1,34.9683083,safe,9.0504379,12
1325,52.2513173,1,1,1,34.98618,safe,9.0683097,12
1326,52.2676999,1,1,1,35.0025623001,safe,9.08469200006,12
1327,52.2834917,1,1,1,35.0183534001,safe,9.10048290004,12
1328,52.3008286,1,1,1,35.0356905001,safe,9.11781990004,12
1329,52.3168084,1,1,1,35.0516704001,safe,9.13379980007,12
1330,52.3342974,1,1,1,35.0691593001,safe,9.15128900006,12
1331,52.3500294,1,1,1,35.0848912001,safe,9.16702070006,12
1332,52.3666896999,1,1,1,35.1015517,safe,9.18368110002,12
1333,52.3835161,1,1,1,35.1183779001,safe,9.20050730009,12
1334,52.3999615,1,1,1,35.1348232001,safe,9.21695260005,12
1335,52.4174484999,1,1,1,35.1523467001,safe,9.23447690008,12
1336,52.4334560999,1,1,1,35.1683181,safe,9.25044760003,12
1337,52.4500179,1,1,1,35.1848799001,safe,9.26700950006,12
1338,52.4673476999,1,1,1,35.2022099,safe,9.28433940001,12
1339,52.4835548999,1,1,1,35.2184169,safe,9.30054630002,12
1340,52.5000348999,1,1,1,35.2348967,safe,9.31702620001,12
1341,52.5167572,1,1,1,35.2516193001,safe,9.3337487001,12
1342,52.5333937,1,1,1,35.2682554,safe,9.3503848,12
1343,52.5500913999,1,1,1,35.2849531,safe,9.36708250002,12
1344,52.5666827,1,1,1,35.3015444,safe,9.38367400004,12
1345,52.5840742,1,1,1,35.3189361001,safe,9.40106609999,12
1346,52.6000584,1,1,1,35.3349202001,safe,9.41704970005,12
1347,52.6168037,1,1,1,35.3516659001,safe,9.43379540008,12
1348,52.6334142999,1,1,1,35.3682764,safe,9.45040580002,12
1349,52.650363,1,1,1,35.3852253001,safe,9.46735490009,12
1350,52.667643,1,1,1,35.4025051,safe,9.48466359999,12
1351,52.6843915,1,1,1,35.4192537001,safe,9.50138320005,12
1352,52.7008374999,1,1,1,35.4356995,safe,9.51782900002,12
1353,52.7174392999,1,1,1,35.4523014,safe,9.53443100001,12
1354,52.7341579,1,1,1,35.4690199001,safe,9.55114940007,12
1355,52.7503221,1,1,1,35.4851841001,safe,9.56734170008,12
1356,52.7675250999,1,1,1,35.5023871,safe,9.58451650001,12
1357,52.784308,1,1,1,35.5191699001,safe,9.60132930009,12
1358,52.8009723,1,1,1,35.5358343001,safe,9.61796400009,12
1359,52.8176229,1,1,1,35.5524856001,safe,9.63461559999,12
1360,52.8343168,1,1,1,35.5691790001,safe,9.65130860009,12
1361,52.8507993,1,1,1,35.5856611001,safe,9.6677905001,12
1362,52.8675053,1,1,1,35.6023670001,safe,9.68449650006,12
1363,52.8842191,1,1,1,35.6190807001,safe,9.70121020009,12
1364,52.9000186999,1,1,1,35.6348804,safe,9.71700970002,12
1365,52.916808,1,1,1,35.6516698,safe,9.73379930004,12
1366,52.9335359,1,1,1,35.6683978001,safe,9.75052710006,12
1367,52.9502132999,1,1,1,35.6850751,safe,9.76720450004,12
1368,52.9682486,1,1,1,35.7031104,safe,9.7852399,12
1369,52.9834348999,1,1,1,35.7182967,safe,9.80042600003,12
1370,53.0000544999,1,1,1,35.7349162,safe,9.81704570004,12
1371,53.016721,1,1,1,35.7516043001,safe,9.83373379998,12
1372,53.033635,1,1,1,35.7684971001,safe,9.85062650009,12
1373,53.0509412,1,1,1,35.7858032001,safe,9.86793270009,12
1374,53.0674385,1,1,1,35.8023003001,safe,9.88442980009,12
1375,53.0835696,1,1,1,35.8184314001,safe,9.90056079999,12
1376,53.1008835,1,1,1,35.8357454001,safe,9.91787480004,12
1377,53.1174901,1,1,1,35.8523526001,safe,9.93448220007,12
1378,53.1341595,1,1,1,35.8690426,safe,9.95117210003,12
1379,53.1507261,1,1,1,35.8855884001,safe,9.96771770006,12
1380,53.1676404,1,1,1,35.9025032001,safe,9.9846327001,12
1381,53.184124,1,1,1,35.9189857,safe,10.0011152,12
1382,53.2000653,1,1,1,35.9349270001,safe,10.0170563001,12
1383,53.2175345999,1,1,1,35.9523966,safe,10.0345266,12
1384,53.233446,1,1,1,35.9683078,safe,10.0504374,12
1385,53.2508279,1,1,1,35.9856899,safe,10.0678193,12
1386,53.2667862,1,1,1,36.0016479001,safe,10.0837774001,12
1387,53.2834048,1,1,1,36.0182665001,safe,10.1003960001,12
1388,53.3002746999,1,1,1,36.0351364,safe,10.1172658,12
1389,53.3173094,1,1,1,36.0521713,safe,10.1343008,12
1390,53.3334233999,1,1,1,36.0682853,safe,10.1504148,12
1391,53.3500989999,1,1,1,36.0849612,safe,10.1670906,12
1392,53.3667627,1,1,1,36.1016247,safe,10.1837546,12
1393,53.3840774,1,1,1,36.1189394001,safe,10.2010688001,12
1394,53.4002012999,1,1,1,36.1350632,safe,10.2171925,12
1395,53.4168816999,1,1,1,36.1517437,safe,10.2338734,12
1396,53.4342832,1,1,1,36.1691456001,safe,10.2512752,12
1397,53.4511183,1,1,1,36.1859806001,safe,10.2681103001,12
1398,53.4674928,1,1,1,36.2023549001,safe,10.2844845001,12
1399,53.4841941,1,1,1,36.219056,safe,10.3011854,12
1400,53.5001966,1,1,1,36.2350584001,safe,10.3171880001,12
1401,53.516861,1,1,1,36.2517229001,safe,10.3338523001,12
1402,53.5335178999,1,1,1,36.2683802,safe,10.3505096,12
1403,53.5507672,1,1,1,36.2856292001,safe,10.3677587,12
1404,53.5667466,1,1,1,36.3016084001,safe,10.3837378001,12
1405,53.5835598999,1,1,1,36.3184216,safe,10.4005513,12
1406,53.6002058,1,1,1,36.3350675,safe,10.417197,12
1407,53.6167313,1,1,1,36.3516074001,safe,10.4337369,12
1408,53.6336885999,1,1,1,36.3685748001,safe,10.4507043001,12
1409,53.6495968,1,1,1,36.384466,safe,10.4665996,12
1410,53.6680242,1,1,1,36.4028865,safe,10.4850162,12
1411,53.6835274,1,1,1,36.4183895,safe,10.5005189,12
1412,53.7001981999,1,1,1,36.4350599,safe,10.5171893,12
1413,53.7168341,1,1,1,36.4516957001,safe,10.5338251001,12
1414,53.733578,1,1,1,36.4684400001,safe,10.5505694001,12
1415,53.7515749,1,1,1,36.4864370001,safe,10.5685668001,12
1416,53.7674502999,1,1,1,36.502312,safe,10.5844414,12
1417,53.7840969,1,1,1,36.5189588,safe,10.6010883,12
1418,53.8001179,1,1,1,36.5349796001,safe,10.6171091,12
1419,53.8168603,1,1,1,36.5517228,safe,10.6338523,12
1420,53.8337431999,1,1,1,36.5686331,safe,10.6507627,12
1421,53.8509962,1,1,1,36.5858582001,safe,10.6679877001,12
1422,53.8668574999,1,1,1,36.6017194,safe,10.6838488,12
1423,53.8834658,1,1,1,36.6183277001,safe,10.7004574001,12
1424,53.9001898,1,1,1,36.6350516001,safe,10.717181,12
1425,53.9168144,1,1,1,36.6516762001,safe,10.7338056001,12
1426,53.9335224,1,1,1,36.6683842001,safe,10.7505138001,12
1427,53.9502519,1,1,1,36.6851138001,safe,10.7672437,12
1428,53.9674406999,1,1,1,36.7023026,safe,10.7844321,12
1429,53.9841704,1,1,1,36.7190323001,safe,10.8011618,12
1430,54.0008815,1,1,1,36.7357432001,safe,10.8178727,12
1431,54.0167736,1,1,1,36.7516355001,safe,10.833765,12
1432,54.0344312,1,1,1,36.7692930001,safe,10.8514225001,12
1433,54.0502131999,1,1,1,36.7850749,safe,10.8672042,12
1434,54.0669096999,1,1,1,36.8017714,safe,10.883901,12
1435,54.083535,1,1,1,36.8183968001,safe,10.9005262001,12
1436,54.1002498,1,1,1,36.8351116001,safe,10.9172412,12
1437,54.1167638999,1,1,1,36.8516258,safe,10.9337555,12
1438,54.1335773,1,1,1,36.8684391001,safe,10.9505686001,12
1439,54.1511289,1,1,1,36.8859910001,safe,10.9681207001,12
1440,54.1667546,1,1,1,36.9016164001,safe,10.9837458001,12
1441,54.1835908999,1,1,1,36.918453,safe,11.0005825,12
1442,54.2007987,1,1,1,36.9356607001,ready,0.0169121000217,12
1443,54.2175051,1,1,1,36.9523680001,ready,0.0336199000012,12
1444,54.234233,1,1,1,36.9690949001,ready,0.0503463000059,12
1445,54.2503946,1,1,1,36.9852564001,ready,0.0665077000158,12
1446,54.2674133,1,1,1,37.0022751001,ready,0.0835264000343,12
1447,54.2835915,1,1,1,37.0184532001,ready,0.0997043999378,12
1448,54.3001573,1,1,1,37.0350191001,ready,0.116270400002,12
1449,54.3169400999,1,1,1,37.0518017,ready,0.133052999969,12
1450,54.3336057999,1,1,1,37.0684675,ready,0.149718699977,12
1451,54.3508206999,1,1,1,37.0856826,ready,0.166933999979,12
1452,54.3669136,1,1,1,37.1017753001,ready,0.183026600047,12
1453,54.383485,1,1,1,37.1183468001,ready,0.199598300038,12
1454,54.4012186,1,1,1,37.1360807001,ready,0.217332200031,12
1455,54.4179175,1,1,1,37.1527793001,ready,0.234030699939,12
1456,54.4342476999,1,1,1,37.1691094,ready,0.250360799953,12
1457,54.4503381,1,1,1,37.1851998001,ready,0.266451000003,12
1458,54.4668024,1,1,1,37.2016642001,ready,0.282915499993,12
1459,54.4841682999,1,1,1,37.2190500001,ready,0.300301500014,12
1460,54.5009164,1,1,1,37.2357781001,ready,0.31702940003,12
1461,54.5170743,1,1,1,37.2519361001,ready,0.333187500015,12
1462,54.5335002,1,1,1,37.2683619,ready,0.349613299943,12
1463,54.5514307,1,1,1,37.2862929001,ready,0.367544500041,12
1464,54.5675897,1,1,1,37.3024515001,ready,0.383702800027,12
1465,54.5835159,1,1,1,37.3183776001,ready,0.399628899992,12
1466,54.6001421,1,1,1,37.3350038001,ready,0.416255100048,12
1467,54.6176038,1,1,1,37.3524657,ready,0.43371719995,12
1468,54.6335698999,1,1,1,37.3684317,ready,0.449683099985,12
1469,54.6508667,1,1,1,37.3857288001,ready,0.466980200028,12
1470,54.6669331,1,1,1,37.4017949001,ready,0.483046300011,12
1471,54.6835551,1,1,1,37.4184168001,ready,0.499668100034,12
1472,54.7003169999,1,1,1,37.435179,ready,0.516430399963,12
1473,54.7168432999,1,1,1,37.4517058,ready,0.532957399962,12
1474,54.7336067,1,1,1,37.4684686001,ready,0.54972000001,12
1475,54.7502174,1,1,1,37.4850791,ready,0.566330499947,12
1476,54.766828,1,1,1,37.5016898001,ready,0.582941200002,12
1477,54.7842314,1,1,1,37.5190934001,ready,0.600345200044,12
1478,54.80088,1,1,1,37.5357419001,ready,0.616993200034,12
1479,54.8168551,1,1,1,37.5517169001,ready,0.632968100021,12
1480,54.8342483999,1,1,1,37.5691105,ready,0.650362099987,12
1481,54.8508515999,1,1,1,37.5857147,ready,0.666966299992,12
1482,54.8667904,1,1,1,37.6016523001,ready,0.682903600042,12
1483,54.8834898999,1,1,1,37.6183516,ready,0.699602799956,12
1484,54.9001446,1,1,1,37.6350064001,ready,0.716258200002,12
1485,54.9169504,1,1,1,37.6518120001,ready,0.733063300024,12
1486,54.9335615999,1,1,1,37.6684234,ready,0.749674799968,12
1487,54.9508308,1,1,1,37.6856928001,ready,0.766944100033,12
1488,54.9668732,1,1,1,37.7017352,ready,0.782986599952,12
1489,54.9842958,1,1,1,37.7191582001,ready,0.800409500021,12
1490,55.0008272,1,1,1,37.7356892001,ready,0.816940499935,12
1491,55.0169198,1,1,1,37.7517822001,ready,0.833033500006,12
1492,55.0343065,1,1,1,37.7691686001,ready,0.850420000032,12
1493,55.0508871999,1,1,1,37.7857494,ready,0.867000799975,12
1494,55.0668874,1,1,1,37.8017491001,ready,0.883000300033,12
1495,55.0834510999,1,1,1,37.818313,ready,0.899564199965,12
1496,55.1001535,1,1,1,37.8350156001,ready,0.916266800021,12
1497,55.1174860999,1,1,1,37.852348,ready,0.933599299984,12
1498,55.1335775,1,1,1,37.8684393001,ready,0.949690700043,12
1499,55.1502028999,1,1,1,37.8850647,ready,0.966315999976,12
1500,55.1675415999,1,1,1,37.9024042001,ready,0.983655499993,12
1501,55.1835991,1,1,1,37.9184607001,ready,0.999711900018,12
1502,55.2004369,1,1,1,37.9352987,ready,1.01654999994,12
1503,55.2168965,1,1,1,37.9517583001,ready,1.03300960001,12
1504,55.2342327,1,1,1,37.9690947001,ready,1.05034660001,12
1505,55.2510838,1,1,1,37.9859459001,ready,1.06719740003,12
1506,55.2668457,1,1,1,38.0017079001,ready,1.08295940002,12
1507,55.2836196,1,1,1,38.0184817001,ready,1.09973310004,12
1508,55.3003373999,1,1,1,38.0351991,ready,1.11645029997,12
1509,55.3170322999,1,1,1,38.0518942,ready,1.13314559998,12
1510,55.3336719,1,1,1,38.0685336001,ready,1.14978500002,12
1511,55.3501871,1,1,1,38.0850488001,ready,1.16630020004,12
1512,55.3668661,1,1,1,38.1017504,ready,1.18300179997,12
1513,55.3836949,1,1,1,38.1185569001,ready,1.19980820001,12
1514,55.4002295,1,1,1,38.1350913,ready,1.21634249995,12
1515,55.416813,1,1,1,38.1516748001,ready,1.23292620003,12
1516,55.4335589,1,1,1,38.1684207,ready,1.24967209995,12
1517,55.4502447,1,1,1,38.1851065001,ready,1.26635779999,12
1518,55.4669651,1,1,1,38.2018269,ready,1.28307829995,12
1519,55.4841471,1,1,1,38.2190088001,ready,1.30026020005,12
1520,55.5002407,1,1,1,38.2351024001,ready,1.31635370001,12
1521,55.5169476999,1,1,1,38.2518095,ready,1.33306099998,12
1522,55.5335778999,1,1,1,38.2684397,ready,1.34969109995,12
1523,55.5509353,1,1,1,38.2857973001,ready,1.3670493,12
1524,55.567008,1,1,1,38.3018696001,ready,1.38312080002,12
1525,55.5837399,1,1,1,38.3186016,ready,1.39985289995,12
1526,55.6004266,1,1,1,38.3353101001,ready,1.41656159994,12
1527,55.6169429,1,1,1,38.3518046001,ready,1.43305580004,12
1528,55.6336625,1,1,1,38.3685242001,ready,1.44977549999,12
1529,55.650238,1,1,1,38.3850997001,ready,1.46635100001,12
1530,55.6668881,1,1,1,38.4017499001,ready,1.48300150002,12
1531,55.6836125,1,1,1,38.4184745001,ready,1.49972570001,12
1532,55.7002587999,1,1,1,38.4351211,ready,1.51637229999,12
1533,55.71696,1,1,1,38.4518218001,ready,1.53307310003,12
1534,55.7335805,1,1,1,38.4684423001,ready,1.54969380004,12
1535,55.750943,1,1,1,38.4858050001,ready,1.5670564,12
1536,55.7659747,1,1,1,38.5008434,ready,1.58209879999,12
1537,55.7842458,1,1,1,38.5191077001,ready,1.60035910003,12
1538,55.8010018,1,1,1,38.5358643001,ready,1.61711570004,12
1539,55.8174803,1,1,1,38.5523422001,ready,1.63359350001,12
1540,55.8341710999,1,1,1,38.5690328,ready,1.65028409997,12
1541,55.8503246,1,1,1,38.5851863001,ready,1.66643770004,12
1542,55.8668921,1,1,1,38.6017538001,ready,1.683005,12
1543,55.8843248,1,1,1,38.6191867001,ready,1.70043810003,12
1544,55.9003342,1,1,1,38.6351959001,ready,1.71644730004,12
1545,55.916993,1,1,1,38.6518549001,ready,1.7331062,12
1546,55.9335099,1,1,1,38.6683720001,ready,1.74962340004,12
1547,55.9502542,1,1,1,38.6851159,ready,1.76636719995,12
1548,55.9675711,1,1,1,38.7024329001,ready,1.78368420003,12
1549,55.984216,1,1,1,38.7190779001,ready,1.80032919999,12
1550,56.0003179,1,1,1,38.7351797001,ready,1.81643100001,12
1551,56.0169672,1,1,1,38.7518291001,ready,1.83308050002,12
1552,56.0335357999,1,1,1,38.7683978,ready,1.84964919998,12
1553,56.0503146,1,1,1,38.7851765001,ready,1.86642790004,12
1554,56.0669349,1,1,1,38.8017967001,ready,1.88304800005,12
1555,56.08369,1,1,1,38.8185518001,ready,1.89980300004,12
1556,56.1003446999,1,1,1,38.8352065,ready,1.91645779996,12
1557,56.1170287,1,1,1,38.8518905001,ready,1.93314179999,12
1558,56.1345821,1,1,1,38.8694442001,ready,1.95069570001,12
1559,56.1504382,1,1,1,38.8853001001,ready,1.96655140002,12
1560,56.1668886,1,1,1,38.9017504001,ready,1.98300180002,12
1561,56.1836811,1,1,1,38.9185428,ready,1.99979399994,12
1562,56.200995,1,1,1,38.9358571001,ready,2.0171086,12
1563,56.2172526,1,1,1,38.9521147001,ready,2.03336620005,12
1564,56.2345911,1,1,1,38.9694532001,ready,2.05070479994,12
1565,56.2515099,1,1,1,38.9863723001,ready,2.06762390002,12
1566,56.2675762,1,1,1,39.0024380001,ready,2.08368929999,12
1567,56.2836072,1,1,1,39.018469,ready,2.09972029994,12
1568,56.3010477,1,1,1,39.0359099001,ready,2.11716150003,12
1569,56.3169493,1,1,1,39.0518117001,ready,2.13306310005,12
1570,56.3343400999,1,1,1,39.0692023,ready,2.15045369999,12
1571,56.35103,1,1,1,39.0858921,ready,2.16714369995,12
1572,56.3675101,1,1,1,39.1023718001,ready,2.18362319993,12
1573,56.3836896999,1,1,1,39.1185515,ready,2.19980279997,12
1574,56.4003003,1,1,1,39.1351620001,ready,2.21641330002,12
1575,56.4170112,1,1,1,39.1518735001,ready,2.23312480003,12
1576,56.4343135,1,1,1,39.1691752,ready,2.25042659999,12
1577,56.4503573,1,1,1,39.1852197001,ready,2.26647100004,12
1578,56.4670075,1,1,1,39.2018694001,ready,2.28312060004,12
1579,56.4836244,1,1,1,39.2184864001,ready,2.29973780003,12
1580,56.5013141,1,1,1,39.2361764001,ready,2.31742790004,12
1581,56.5179567999,1,1,1,39.2528409001,ready,2.33409230004,12
1582,56.53359,1,1,1,39.2684518001,ready,2.34970310004,12
1583,56.5511364,1,1,1,39.2859983001,ready,2.36724960001,12
1584,56.5659212,1,1,1,39.3007897,ready,2.38204479998,12
1585,56.5851135,1,1,1,39.3199784,ready,2.40123129997,12
1586,56.6014937999,1,1,1,39.3363568,ready,2.41760879999,12
1587,56.6175296999,1,1,1,39.3523914,ready,2.43364269997,12
1588,56.6335510999,1,1,1,39.3684129,ready,2.44966429996,12
1589,56.6503583,1,1,1,39.3852202001,ready,2.4664717,12
1590,56.6669593999,1,1,1,39.4018213,ready,2.48307269998,12
1591,56.6842884,1,1,1,39.4191501001,ready,2.50040140003,12
1592,56.7010294,1,1,1,39.4358912001,ready,2.51714240003,12
1593,56.7169265,1,1,1,39.4517882001,ready,2.53303950001,12
1594,56.733873,1,1,1,39.4687348,ready,2.54998599994,12
1595,56.7509905,1,1,1,39.4858524001,ready,2.56710380001,12
1596,56.7678448,1,1,1,39.5027068,ready,2.58395819995,12
1597,56.7837135,1,1,1,39.5185754001,ready,2.59982669994,12
1598,56.8004146999,1,1,1,39.5352764,ready,2.61652779998,12
1599,56.8175441,1,1,1,39.5524060001,ready,2.63365740003,12
1600,56.8336846,1,1,1,39.5685464001,ready,2.6497977,12
1601,56.8503913999,1,1,1,39.585254,ready,2.66650549998,12
1602,56.8675702,1,1,1,39.6024321001,ready,2.68368340004,12
1603,56.883697,1,1,1,39.6185588001,ready,2.69981020002,12
1604,56.9003292,1,1,1,39.6351909001,ready,2.71644220001,12
1605,56.9171072,1,1,1,39.6519691001,ready,2.73322059994,12
1606,56.9338008,1,1,1,39.6686625001,ready,2.74991370004,12
1607,56.9502687,1,1,1,39.6851306,ready,2.76638189994,12
1608,56.9670686,1,1,1,39.7019304001,ready,2.78318180004,12
1609,56.9843195999,1,1,1,39.7191815,ready,2.80043299997,12
1610,57.000901,1,1,1,39.7357627001,ready,2.81701400003,12
1611,57.0170313,1,1,1,39.7518930001,ready,2.83314440004,12
1612,57.0336279999,1,1,1,39.7684898,ready,2.84974109998,12
1613,57.0503483,1,1,1,39.7852103,ready,2.86646169994,12
1614,57.0669818,1,1,1,39.8018436001,ready,2.88309499994,12
1615,57.0836773,1,1,1,39.8185391,ready,2.89979039994,12
1616,57.1004592,1,1,1,39.8353209001,ready,2.91657230002,12
1617,57.1172112999,1,1,1,39.8520731,ready,2.93332449999,12
1618,57.1346663,1,1,1,39.8695285,ready,2.95078009996,12
1619,57.1515606999,1,1,1,39.8864234,ready,2.96767489996,12
1620,57.1670389,1,1,1,39.9019006001,ready,2.9831519,12
1621,57.1836841999,1,1,1,39.918546,ready,2.99979729997,12
1622,57.2009477,1,1,1,39.9358097001,ready,3.01706109999,12
1623,57.2177172999,1,1,1,39.9525793,ready,3.03383079998,12
1624,57.2337231999,1,1,1,39.9685853,ready,3.04983669997,12
1625,57.2502914,1,1,1,39.9851534001,ready,3.06640470005,12
1626,57.2669018999,1,1,1,40.0017638,ready,3.08301499998,12
1627,57.2836993,1,1,1,40.0185612,ready,3.09981249995,12
1628,57.3003963999,1,1,1,40.0352583,ready,3.11650999996,12
1629,57.3177251,1,1,1,40.0525870001,ready,3.13383840001,12
1630,57.3338054999,1,1,1,40.0686674,ready,3.14991889999,12
1631,57.3510914,1,1,1,40.0859534,ready,3.16720489995,12
1632,57.3669861,1,1,1,40.1018481001,ready,3.18309950002,12
1633,57.3842966,1,1,1,40.1191592001,ready,3.20041069994,12
1634,57.4003174,1,1,1,40.1351792001,ready,3.21643060003,12
1635,57.4175978,1,1,1,40.15246,ready,3.23371139995,12
1636,57.4344800999,1,1,1,40.169342,ready,3.25059349998,12
1637,57.4503844,1,1,1,40.1852463001,ready,3.26649770001,12
1638,57.4669855,1,1,1,40.2018473,ready,3.28309859999,12
1639,57.4843468,1,1,1,40.2192086001,ready,3.30045989994,12
1640,57.5003444999,1,1,1,40.2352062,ready,3.31645759998,12
1641,57.5170667999,1,1,1,40.2519289,ready,3.33318039996,12
1642,57.5343832,1,1,1,40.2692451001,ready,3.35049710004,12
1643,57.5503651999,1,1,1,40.2852272,ready,3.36647859996,12
1644,57.5670443,1,1,1,40.301906,ready,3.38315729995,12
1645,57.5837477,1,1,1,40.3186093001,ready,3.39986070001,12
1646,57.6009955,1,1,1,40.3358573001,ready,3.41710870003,12
1647,57.6176838999,1,1,1,40.3525462,ready,3.43379769998,12
1648,57.6345134,1,1,1,40.3693752,ready,3.45062659995,12
1649,57.6503522,1,1,1,40.3852139,ready,3.46646529995,12
1650,57.6670813999,1,1,1,40.4019432,ready,3.48319449998,12
1651,57.6837674,1,1,1,40.4186293001,ready,3.49988050002,12
1652,57.7003903,1,1,1,40.4352520001,ready,3.51650329994,12
1653,57.7170594999,1,1,1,40.4519215,ready,3.53317319998,12
1654,57.7336427,1,1,1,40.4685046001,ready,3.54975599993,12
1655,57.7509451,1,1,1,40.4858070001,ready,3.56705840002,12
1656,57.7680302999,1,1,1,40.5028924,ready,3.58414459997,12
1657,57.7838002,1,1,1,40.5186620001,ready,3.59991330002,12
1658,57.8003732,1,1,1,40.5352350001,ready,3.61648630002,12
1659,57.8170337999,1,1,1,40.5518961,ready,3.63314729999,12
1660,57.8337607,1,1,1,40.5686224001,ready,3.6498743,12
1661,57.8505365,1,1,1,40.5853992001,ready,3.66665060003,12
1662,57.8678907,1,1,1,40.6027528001,ready,3.68400450004,12
1663,57.8843476999,1,1,1,40.6192097,ready,3.70046109997,12
1664,57.9003218,1,1,1,40.6351838,ready,3.71643509995,12
1665,57.917195,1,1,1,40.6520572001,ready,3.73330860003,12
1666,57.9343166,1,1,1,40.6691787001,ready,3.75043040002,12
1667,57.951136,1,1,1,40.6859980001,ready,3.76724930003,12
1668,57.9680522999,1,1,1,40.7029145,ready,3.78416599997,12
1669,57.9849671,1,1,1,40.7198293001,ready,3.80108110001,12
1670,58.0005834,1,1,1,40.7354461,ready,3.81669769995,12
1671,58.0171359,1,1,1,40.7519980001,ready,3.83324960002,12
1672,58.0336538,1,1,1,40.7685155,ready,3.84976679995,12
1673,58.0504645,1,1,1,40.7853262001,ready,3.86657770001,12
1674,58.0677169,1,1,1,40.8025787,ready,3.88383009995,12
1675,58.0837217,1,1,1,40.8185835001,ready,3.89983480005,12
1676,58.1003006999,1,1,1,40.8351837001,ready,3.91643510002,12
1677,58.1170301,1,1,1,40.8518919001,ready,3.9331431,12
1678,58.1343893,1,1,1,40.8692510001,ready,3.95050239994,12
1679,58.1510734999,1,1,1,40.8859353,ready,3.96718659997,12
1680,58.1680275999,1,1,1,40.9029096001,ready,3.9841611,12
1681,58.1837825,1,1,1,40.9186447001,ready,3.99989600002,12
1682,58.2003049999,1,1,1,40.9351667,ready,4.01641799998,12
1683,58.2171506999,1,1,1,40.9520123,ready,4.03326369997,12
1684,58.2335883999,1,1,1,40.9684502,ready,4.04970149999,12
1685,58.2503528,1,1,1,40.9852147001,ready,4.06646610005,12
1686,58.2676427,1,1,1,41.0025046001,ready,4.08375600004,12
1687,58.2837226,1,1,1,41.0185844001,ready,4.09983580001,12
1688,58.3010858999,1,1,1,41.0359485,ready,4.11719989998,12
1689,58.3170256,1,1,1,41.0518874001,ready,4.13313870004,12
1690,58.3342863,1,1,1,41.0691480001,ready,4.15039930004,12
1691,58.3503450999,1,1,1,41.085207,ready,4.16645849997,12
1692,58.3670313,1,1,1,41.1018930001,ready,4.18314420001,12
1693,58.3836959,1,1,1,41.1185576001,ready,4.19980900001,12
1694,58.4002867,1,1,1,41.1351484001,ready,4.21639960003,12
1695,58.4177586,1,1,1,41.1526209001,ready,4.23387250002,12
1696,58.4347086999,1,1,1,41.1695704,ready,4.25084190001,12
1697,58.4504437,1,1,1,41.1853057001,ready,4.266557,12
1698,58.4670888999,1,1,1,41.2019512,ready,4.28320269997,12
1699,58.4845615,1,1,1,41.2194235,ready,4.30067499995,12
1700,58.5005085,1,1,1,41.2353702,ready,4.31662149995,12
1701,58.5178422,1,1,1,41.2527039001,ready,4.33395520004,12
1702,58.5345684,1,1,1,41.2694302001,ready,4.35068140004,12
1703,58.5512331,1,1,1,41.2860948001,ready,4.36734610004,12
1704,58.5671305,1,1,1,41.3019922001,ready,4.38324350002,12
1705,58.5837779,1,1,1,41.3186401001,ready,4.39989140001,12
1706,58.6010282,1,1,1,41.3358901001,ready,4.41714140004,12
1707,58.6171055,1,1,1,41.3519674001,ready,4.4332188,12
1708,58.6337015,1,1,1,41.3685633001,ready,4.44981499994,12
1709,58.6504289,1,1,1,41.3852906,ready,4.46654189995,12
1710,58.6671743999,1,1,1,41.4020363,ready,4.48328769999,12
1711,58.6838123,1,1,1,41.4186740001,ready,4.49992540001,12
1712,58.7005321999,1,1,1,41.435394,ready,4.51664539997,12
1713,58.7177099,1,1,1,41.4525724001,ready,4.53382380004,12
1714,58.7338041,1,1,1,41.4686662001,ready,4.5499175,12
1715,58.7503556999,1,1,1,41.4852176,ready,4.56646889995,12
1716,58.7670672999,1,1,1,41.5019291,ready,4.58318039996,12
1717,58.7837896,1,1,1,41.5186515001,ready,4.59990289994,12
1718,58.8004471,1,1,1,41.5353089001,ready,4.6165602,12
1719,58.8177547,1,1,1,41.5526164001,ready,4.6338676,12
1720,58.8337228,1,1,1,41.5685847001,ready,4.64983599994,12
1721,58.8504465,1,1,1,41.5853082001,ready,4.66655950004,12
1722,58.8671574,1,1,1,41.6020196001,ready,4.68327080004,12
1723,58.8844353,1,1,1,41.6192973,ready,4.70054859994,12
1724,58.9012700999,1,1,1,41.636132,ready,4.71738349996,12
1725,58.9178694,1,1,1,41.6527316001,ready,4.73398300004,12
1726,58.9346511,1,1,1,41.6695133001,ready,4.7507649,12
1727,58.9511346,1,1,1,41.6859965001,ready,4.76724780002,12
1728,58.9671313,1,1,1,41.7019931001,ready,4.78324429994,12
1729,58.9838170999,1,1,1,41.7186789,ready,4.79993029998,12
1730,59.0004557,1,1,1,41.7353173001,ready,4.81656870001,12
1731,59.0178441,1,1,1,41.7527060001,ready,4.83395729994,12
1732,59.0344216999,1,1,1,41.7692839,ready,4.85053529998,12
1733,59.0504325,1,1,1,41.7852945001,ready,4.866546,12
1734,59.0671432,1,1,1,41.8020050001,ready,4.8832562,12
1735,59.0837784,1,1,1,41.8186400001,ready,4.89989130001,12
1736,59.1011703999,1,1,1,41.8360321,ready,4.91728329996,12
1737,59.1171239,1,1,1,41.8519857001,ready,4.93323690002,12
1738,59.1338257999,1,1,1,41.8686877,ready,4.94993899995,12
1739,59.1504461999,1,1,1,41.885308,ready,4.96655929997,12
1740,59.1677572,1,1,1,41.9026191001,ready,4.9838707,12
1741,59.1838552,1,1,1,41.9187170001,ready,4.99996819999,12
